CARGO MANIFEST_,,#REF!,,,,,6/7/2016 0:00,,,,,,,,,,,,,,,,,,,,,,,,,,,,,,,,,,,,,,,,,,,,,,,,,,,,,,,,,,,,,,,,,,,,,,,,,,,,,,,,,,,,,,,,,,,,,,,,,,,,,,,,,,,,,,,,,,,,,,,,,,,,,,,,,,,,,,,,,,,,,,,,,,,,,,,,,,,,,,,,,,,,,,,,,,,,,,,,,,,,,,,,,,,,,,,,,,,,,,,,,,,,,,,,,,,,,,,,,,,,,,,,,,,,,,,,,,,,,,,,,
,CARGO MANIFEST INFORMATIONS,,,,,SHIPPED OUT DATE:,7-Jun-16,,,,,,,,,,,,,,,,,,,,,,,,,,,,,,,,,,,,,,,,,,,,,,,,,,,,,,,,,,,,,,,,,,,,,,,,,,,,,,,,,,,,,,,,,,,,,,,,,,,,,,,,,,,,,,,,,,,,,,,,,,,,,,,,,,,,,,,,,,,,,,,,,,,,,,,,,,,,,,,,,,,,,,,,,,,,,,,,,,,,,,,,,,,,,,,,,,,,,,,,,,,,,,,,,,,,,,,,,,,,,,,,,,,,,,,,,,,,,,,,,
TOTAL SUM.I16 WEIGHT= 3175.464 lbs OR =1441.660656 KGS,,,,,,,,1,,,,,,,,,,,,,,,,,,,,,,,,,,,,,,,,,,,,,,,,,,,,,,,,,,,,,,,,,,,,,,,,,,,,,,,,,,,,,,,,,,,,,,,,,,,,,,,,,,,,,,,,,,,,,,,,,,,,,,,,,,,,,,,,,,,,,,,,,,,,,,,,,,,,,,,,,,,,,,,,,,,,,,,,,,,,,,,,,,,,,,,,,,,,,,,,,,,,,,,,,,,,,,,,,,,,,,,,,,,,,,,,,,,,,,,,,,,,,,,,
D _ PACKAGES,,134,,A _ PACKAGES,,18,LCL,,FCL,,,,,,,,,,,,,,,,,,,,,,,,,,,,,,,,,,,,,,,,,,,,,,,,,,,,,,,,,,,,,,,,,,,,,,,,,,,,,,,,,,,,,,,,,,,,,,,,,,,,,,,,,,,,,,,,,,,,,,,,,,,,,,,,,,,,,,,,,,,,,,,,,,,,,,,,,,,,,,,,,,,,,,,,,,,,,,,,,,,,,,,,,,,,,,,,,,,,,,,,,,,,,,,,,,,,,,,,,,,,,,,,,,,,,,,,,,,,,,,
,,,,,,,,,,,,,,,,,,,,,,,,,,,,,,,,,,,,,,,,,,,,,,,,,,,,,,,,,,,,,,,,,,,,,,,,,,,,,,,,,,,,,,,,,,,,,,,,,,,,,,,,,,,,,,,,,,,,,,,,,,,,,,,,,,,,,,,,,,,,,,,,,,,,,,,,,,,,,,,,,,,,,,,,,,,,,,,,,,,,,,,,,,,,,,,,,,,,,,,,,,,,,,,,,,,,,,,,,,,,,,,,,,,,,,,,,,,,,,,,,,,,,,,,
,,,,,,,,,,,,,,,,,,,,,,,,,,,,,,,,,,,,,,,,,,,,,,,,,,,,,,,,,,,,,,,,,,,,,,,,,,,,,,,,,,,,,,,,,,,,,,,,,,,,,,,,,,,,,,,,,,,,,,,,,,,,,,,,,,,,,,,,,,,,,,,,,,,,,,,,,,,,,,,,,,,,,,,,,,,,,,,,,,,,,,,,,,,,,,,,,,,,,,,,,,,,,,,,,,,,,,,,,,,,,,,,,,,,,,,,,,,,,,,,,,,,,,,,
,,,,,,,,,,,,,,,,,,,,,,,,,,,,,,,,,,,,,,,,,,,,,,,,,,,,,,,,,,,,,,,,,,,,,,,,,,,,,,,,,,,,,,,,,,,,,,,,,,,,,,,,,,,,,,,,,,,,,,,,,,,,,,,,,,,,,,,,,,,,,,,,,,,,,,,,,,,,,,,,,,,,,,,,,,,,,,,,,,,,,,,,,,,,,,,,,,,,,,,,,,,,,,,,,,,,,,,,,,,,,,,,,,,,,,,,,,,,,,,,,,,,,,,,
,,,,,,,,,,,,,,,,,,,,,,,,,,,,,,,,,,,,,,,,,,,,,,,,,,,,,,,,,,,,,,,,,,,,,,,,,,,,,,,,,,,,,,,,,,,,,,,,,,,,,,,,,,,,,,,,,,,,,,,,,,,,,,,,,,,,,,,,,,,,,,,,,,,,,,,,,,,,,,,,,,,,,,,,,,,,,,,,,,,,,,,,,,,,,,,,,,,,,,,,,,,,,,,,,,,,,,,,,,,,,,,,,,,,,,,,,,,,,,,,,,,,,,,,
,,,,,,,,,,,,,,,,,,,,,,,,,,,,,,,,,,,,,,,,,,,,,,,,,,,,,,,,,,,,,,,,,,,,,,,,,,,,,,,,,,,,,,,,,,,,,,,,,,,,,,,,,,,,,,,,,,,,,,,,,,,,,,,,,,,,,,,,,,,,,,,,,,,,,,,,,,,,,,,,,,,,,,,,,,,,,,,,,,,,,,,,,,,,,,,,,,,,,,,,,,,,,,,,,,,,,,,,,,,,,,,,,,,,,,,,,,,,,,,,,,,,,,,,
,,,,,,,,,,,,,,,,,,,,,,,,,,,,,,,,,,,,,,,,,,,,,,,,,,,,,,,,,,,,,,,,,,,,,,,,,,,,,,,,,,,,,,,,,,,,,,,,,,,,,,,,,,,,,,,,,,,,,,,,,,,,,,,,,,,,,,,,,,,,,,,,,,,,,,,,,,,,,,,,,,,,,,,,,,,,,,,,,,,,,,,,,,,,,,,,,,,,,,,,,,,,,,,,,,,,,,,,,,,,,,,,,,,,,,,,,,,,,,,,,,,,,,,,
,,,,,,,,,,,,,,,,,,,,,,,,,,,,,,,,,,,,,,,,,,,,,,,,,,,,,,,,,,,,,,,,,,,,,,,,,,,,,,,,,,,,,,,,,,,,,,,,,,,,,,,,,,,,,,,,,,,,,,,,,,,,,,,,,,,,,,,,,,,,,,,,,,,,,,,,,,,,,,,,,,,,,,,,,,,,,,,,,,,,,,,,,,,,,,,,,,,,,,,,,,,,,,,,,,,,,,,,,,,,,,,,,,,,,,,,,,,,,,,,,,,,,,,,
,,,,,,,,,,,,,,,,,,,,,,,,,,,,,,,,,,,,,,,,,,,,,,,,,,,,,,,,,,,,,,,,,,,,,,,,,,,,,,,,,,,,,,,,,,,,,,,,,,,,,,,,,,,,,,,,,,,,,,,,,,,,,,,,,,,,,,,,,,,,,,,,,,,,,,,,,,,,,,,,,,,,,,,,,,,,,,,,,,,,,,,,,,,,,,,,,,,,,,,,,,,,,,,,,,,,,,,,,,,,,,,,,,,,,,,,,,,,,,,,,,,,,,,,
,,,,,,,,,,,,,,,,,,,,,,,,,,,,,,,,,,,,,,,,,,,,,,,,,,,,,,,,,,,,,,,,,,,,,,,,,,,,,,,,,,,,,,,,,,,,,,,,,,,,,,,,,,,,,,,,,,,,,,,,,,,,,,,,,,,,,,,,,,,,,,,,,,,,,,,,,,,,,,,,,,,,,,,,,,,,,,,,,,,,,,,,,,,,,,,,,,,,,,,,,,,,,,,,,,,,,,,,,,,,,,,,,,,,,,,,,,,,,,,,,,,,,,,,
U.S OFFICE LOG,,,,,,,,,,GROUPS CAL.,,,,,SOURCE SCAN,,,,,,,,,,US SHIPMENT DATE,"GROUP FIND INFO. (SET CUSOR ON BARCODE SCAN CELL , ARM BARCODE AND SCAN, CHECK NAMES AND GROUP NAME FOR RIGHT INFORMATION)",,,,,,,`,,,,,,,,,,,,,,,,,,,,,,,,,,,,,,,,,,,,,,,,,,,,,,,,,,,,,,,,,,,,,,,,,,,,,,,,,,,,,,,,,,,,,,,,,,,,,,,,,,,,,,,,,,,,,,,,,,,,,,,,,,,,,,,,,,,,,,,,,,,,,,,,,,,,,,,,,,,,,,,,,,,,,,,,,,,,,,,,,,,,,,,,,,,,,,,,,,,,,,,,,,,,,,,,,,,,,,,
RECEIVE DATE & TIME,INVOICE #,SERVICE TYPE,# PACKAGE,ACTUAL WEIGHT,SHIPPER NAME,SHIPPER ADDRESS & PHONE,CONSIGNEE NAME,CONSIGNEE ADDRESS & PHONE,COMMOFITIES,GROUP NAME,GROUP SEQUENCE,BOXES IN GROUP,COUNT,LBS TO KGS,SOURCE # 1,SOURCE # 2,SOURCE # 3,SOURCE # 4,SOURCE # 5,SOURCE # 6,SOURCE # 7,SOURCE # 8,SOURCE # 9,SOURCE # 10,,Results,COUNT,BARCODE SCAN,SHIPPER NAME,RECEIVER NAME,GROUP NAME,,,,,,,,,,,,,,,,,,,,,,,,,,,,,,,,,,,,,,,,,,,,,,,,,,,,,,,,,,,,,,,,,,,,,,,,,,,,,,,,,,,,,,,,,,,,,,,,,,,,,,,,,,,,,,,,,,,,,,,,,,,,,,,,,,,,,,,,,,,,,,,,,,,,,,,,,,,,,,,,,,,,,,,,,,,,,,,,,,,,,,,,,,,,,,,,,,,,,,,,,,,,,,,,,,,,,,,,,
6/7/16 12:39,A-060716123953-WI,A,3,70.4,THUAN NGUYEN,655 S 34TH ST SAN JOSE CA 95116-Phone: 4083324928,NGUYEN THI KIEU OANH CMND 024171953,"118 DUONG SO 2A, P. BINH HUNG HOA B, Q. BINH TAN TP HO CHI MINH-Phone: 0906114128"," QUA TANG TRAI CAY KHO, BANH KEO_ QUA THANG QUAN AO _ QUA TANG DO CHOI_ __ _ _ _ _ _ _  ",A2A,#REF!,18,1,32.0,,,,,,,,,,,,,,,,,,,,,,,,,,,,,,,,,,,,,,,,,,,,,,,,,,,,,,,,,,,,,,,,,,,,,,,,,,,,,,,,,,,,,,,,,,,,,,,,,,,,,,,,,,,,,,,,,,,,,,,,,,,,,,,,,,,,,,,,,,,,,,,,,,,,,,,,,,,,,,,,,,,,,,,,,,,,,,,,,,,,,,,,,,,,,,,,,,,,,,,,,,,,,,,,,,,,,,,,,,,,,,,,,,,,,,,,,,
6/7/16 13:02,A-060316155241-WI,A,7,190.8,DIEP BUI,"221 PARC PLACE DR, MILPITAS, CA 95035-Phone: 408-597-2963",NGUYEN TUAN QUANG,"PHU LOI, THU DAO MOT Binh Duong-Phone: 0933 726 898 ", VAT DUNG GIA DINH_ SUA BOT_ _ __ _ _ _ _ _ _  ,A2A,,,,86.7,,,,,,,,,,,,,,,,,,,,,,,,,,,,,,,,,,,,,,,,,,,,,,,,,,,,,,,,,,,,,,,,,,,,,,,,,,,,,,,,,,,,,,,,,,,,,,,,,,,,,,,,,,,,,,,,,,,,,,,,,,,,,,,,,,,,,,,,,,,,,,,,,,,,,,,,,,,,,,,,,,,,,,,,,,,,,,,,,,,,,,,,,,,,,,,,,,,,,,,,,,,,,,,,,,,,,,,,,,,,,,,,,,,,,,,,,,
6/7/16 15:36,A-060716153601-WI,A,5,202.2,DIEP BUI,"221 PARC PLACE DR, MILPITAS, CA 95035-Phone: 408-597-2963",NGUYEN TUAN QUANG,"PHU LOI, THU DAO MOT Binh Duong-Phone: 0933 726 898 ", VAT DUNG GIA DINH_ SUA BOT_ _ __ _ _ _ _ _ _  ,A2A,,,,91.9,,,,,,,,,,,,,,,,,,,,,,,,,,,,,,,,,,,,,,,,,,,,,,,,,,,,,,,,,,,,,,,,,,,,,,,,,,,,,,,,,,,,,,,,,,,,,,,,,,,,,,,,,,,,,,,,,,,,,,,,,,,,,,,,,,,,,,,,,,,,,,,,,,,,,,,,,,,,,,,,,,,,,,,,,,,,,,,,,,,,,,,,,,,,,,,,,,,,,,,,,,,,,,,,,,,,,,,,,,,,,,,,,,,,,,,,,,
6/7/16 15:49,A-060716154906-WI,A,3,115.0,DIEP BUI,"221 PARC PLACE DR, MILPITAS, CA 95035-Phone: 408-597-2963",NGUYEN TUAN QUANG,"PHU LOI, THU DAO MOT Binh Duong-Phone: 0933 726 898 ", VAT DUNG GIA DINH_ SUA BOT_ _ __ _ _ _ _ _ _  ,A2A,,,,52.3,,,,,,,,,,,,,,,,,,,,,,,,,,,,,,,,,,,,,,,,,,,,,,,,,,,,,,,,,,,,,,,,,,,,,,,,,,,,,,,,,,,,,,,,,,,,,,,,,,,,,,,,,,,,,,,,,,,,,,,,,,,,,,,,,,,,,,,,,,,,,,,,,,,,,,,,,,,,,,,,,,,,,,,,,,,,,,,,,,,,,,,,,,,,,,,,,,,,,,,,,,,,,,,,,,,,,,,,,,,,,,,,,,,,,,,,,,
6/7/16 10:23,D-060716102358-WI,D,1,10.8,HONG NGUYEN,"1593 STAGHORN LN, SJ, CA 95121-Phone: 408-509-8338",NGUYEN THI KIM AN,127 KHOM 1. F: 1 THI XA NGA NAM. TINH: SOC TRANG  Soc Trang-Phone: 094 910 0191, ENFAMILK 6 HOP_ _ _ __ _ _ _ _ _ _  ,A,1,11,1,4.9,,,,,,,,,,,,,,,,,,,,,,,,,,,,,,,,,,,,,,,,,,,,,,,,,,,,,,,,,,,,,,,,,,,,,,,,,,,,,,,,,,,,,,,,,,,,,,,,,,,,,,,,,,,,,,,,,,,,,,,,,,,,,,,,,,,,,,,,,,,,,,,,,,,,,,,,,,,,,,,,,,,,,,,,,,,,,,,,,,,,,,,,,,,,,,,,,,,,,,,,,,,,,,,,,,,,,,,,,,,,,,,,,,,,,,,,,,
6/7/16 10:25,D-060716102513-WI,D,1,4.9,HUYEN PHAM,"411 LEWIS RD. #415. SAN JOSE, CA 95111-Phone: 408-718-8429",HONG THI MINH CHAU,36 HAM LONG Ha Noi TP-Phone: 0903 688 979 OR 0913 532 662," AO SO MI 2, VAY 3_ DAU TAM 1, LOTION 1_ _ __ _ _ _ _ _ _  ",A,,,,2.2,,,,,,,,,,,,,,,,,,,,,,,,,,,,,,,,,,,,,,,,,,,,,,,,,,,,,,,,,,,,,,,,,,,,,,,,,,,,,,,,,,,,,,,,,,,,,,,,,,,,,,,,,,,,,,,,,,,,,,,,,,,,,,,,,,,,,,,,,,,,,,,,,,,,,,,,,,,,,,,,,,,,,,,,,,,,,,,,,,,,,,,,,,,,,,,,,,,,,,,,,,,,,,,,,,,,,,,,,,,,,,,,,,,,,,,,,,
6/7/16 10:25,D-060716102525-WI,D,1,46.5,TRI NGUYEN,"1557 CHIRSTOPHER ST, SJ, CA 95122-Phone: 408-637-9165",NGUYEN THI PHUONG CHAU,"70/346 K/P 4,F TAN MAI,  BIEN HOA. DONG NAI  Dong Nai-Phone: 0122 692 2692"," ENFAGROW 10, CHIA SEEDS 10 _ QUAN 1, MAY HAT CU 1_ BANH 1 _ __ _ _ _ _ _ _  ",A,,,,21.1,,,,,,,,,,,,,,,,,,,,,,,,,,,,,,,,,,,,,,,,,,,,,,,,,,,,,,,,,,,,,,,,,,,,,,,,,,,,,,,,,,,,,,,,,,,,,,,,,,,,,,,,,,,,,,,,,,,,,,,,,,,,,,,,,,,,,,,,,,,,,,,,,,,,,,,,,,,,,,,,,,,,,,,,,,,,,,,,,,,,,,,,,,,,,,,,,,,,,,,,,,,,,,,,,,,,,,,,,,,,,,,,,,,,,,,,,,
6/7/16 10:28,D-060716102853-WI,D,1,4.9,HUYEN PHAM,"411 LEWIS RD. #415. SAN JOSE, CA 95111-Phone: 408-718-8429",DANG THI LINH,"SO 3, NGACH 119/61 GIAP BAT, Q HOANG MAI Ha Noi TP-Phone: 0904 523 6086"," VAY 4, DONG HO THOI TRANG 1_ SON MONG 4, VITAMIN 2_ _ __ _ _ _ _ _ _  ",A,,,,2.2,,,,,,,,,,,,,,,,,,,,,,,,,,,,,,,,,,,,,,,,,,,,,,,,,,,,,,,,,,,,,,,,,,,,,,,,,,,,,,,,,,,,,,,,,,,,,,,,,,,,,,,,,,,,,,,,,,,,,,,,,,,,,,,,,,,,,,,,,,,,,,,,,,,,,,,,,,,,,,,,,,,,,,,,,,,,,,,,,,,,,,,,,,,,,,,,,,,,,,,,,,,,,,,,,,,,,,,,,,,,,,,,,,,,,,,,,,
6/7/16 10:32,D-060716103253-WI,D,1,7.4,THIN NGUYEN,"849 LEWIS AVE, SUNNYVALE CA 94086-Phone: 408-585-8579",NGUYEN NGOC UYEN,"305 BIS, XOM DAU, PHUONG 3, MY THO Tien Giang-Phone: 012 771 73 261"," QUAN 2, AO THUN 12, TUI VAI 1 _ DAY NGHE 3, BLUETOOTH 1_ TAI NGHE 3, PHAN TRANG DIEM 2_ NHO MAT 1, DEN PIN 2__ _ _ _ _ _ _  ",A,,,,3.4,,,,,,,,,,,,,,,,,,,,,,,,,,,,,,,,,,,,,,,,,,,,,,,,,,,,,,,,,,,,,,,,,,,,,,,,,,,,,,,,,,,,,,,,,,,,,,,,,,,,,,,,,,,,,,,,,,,,,,,,,,,,,,,,,,,,,,,,,,,,,,,,,,,,,,,,,,,,,,,,,,,,,,,,,,,,,,,,,,,,,,,,,,,,,,,,,,,,,,,,,,,,,,,,,,,,,,,,,,,,,,,,,,,,,,,,,,
6/7/16 10:39,D-060716103934-WI,D,1,19.6,PHUONG NGUYEN,"939 FAIR AVE. SAN JOSE, CA 95122-Phone: 408-293-4514",NGUYEN TAN HUU,"THI TRAN PHU BAI, HUYEN HUONG THUY,  Thua Thien Hue-Phone: 983 054 353", SUA ENSURE 13 LON_ THUOC 5 _ _ __ _ _ _ _ _ _  ,A,,,,8.9,,,,,,,,,,,,,,,,,,,,,,,,,,,,,,,,,,,,,,,,,,,,,,,,,,,,,,,,,,,,,,,,,,,,,,,,,,,,,,,,,,,,,,,,,,,,,,,,,,,,,,,,,,,,,,,,,,,,,,,,,,,,,,,,,,,,,,,,,,,,,,,,,,,,,,,,,,,,,,,,,,,,,,,,,,,,,,,,,,,,,,,,,,,,,,,,,,,,,,,,,,,,,,,,,,,,,,,,,,,,,,,,,,,,,,,,,,
6/7/16 10:39,D-060716103940-WI,D,2,44.1,MAI ANH LE,"3192 DUNWICH CT. SAN JOSE, CA 95148-Phone: 408-858-5128",TRAN THI LE HOA,25 A NGUYEN CHI THANH. F: 9 Q: 5  TP HO CHI MINH-Phone: 091 818 3651 ," RUA MAT 5, VITA 3, TAM 4 _ DEP MIX, AO QUAN MIX _ _ __ _ _ _ _ _ _  ",A,,,,20.0,,,,,,,,,,,,,,,,,,,,,,,,,,,,,,,,,,,,,,,,,,,,,,,,,,,,,,,,,,,,,,,,,,,,,,,,,,,,,,,,,,,,,,,,,,,,,,,,,,,,,,,,,,,,,,,,,,,,,,,,,,,,,,,,,,,,,,,,,,,,,,,,,,,,,,,,,,,,,,,,,,,,,,,,,,,,,,,,,,,,,,,,,,,,,,,,,,,,,,,,,,,,,,,,,,,,,,,,,,,,,,,,,,,,,,,,,,
6/7/16 10:41,D-060716104137-WI,D,1,33.9,PHUC THAI,"696 PECOS RIVER CT, SJ, CA 95111-Phone: 408-644-1191",THAI THI HANH,AP MY THAP. XA MY LONG BAC. HUYEN CAU NGANG. TRA VINH  Tra Vinh-Phone: 963 076 876," SUA ENSURE 2 CASE_ SUA SIMILAC 5, TOY 1_ FOOS WRAP 1, DAU TOC 1_ __ _ _ _ _ _ _  ",A,,,,15.4,,,,,,,,,,,,,,,,,,,,,,,,,,,,,,,,,,,,,,,,,,,,,,,,,,,,,,,,,,,,,,,,,,,,,,,,,,,,,,,,,,,,,,,,,,,,,,,,,,,,,,,,,,,,,,,,,,,,,,,,,,,,,,,,,,,,,,,,,,,,,,,,,,,,,,,,,,,,,,,,,,,,,,,,,,,,,,,,,,,,,,,,,,,,,,,,,,,,,,,,,,,,,,,,,,,,,,,,,,,,,,,,,,,,,,,,,,
6/7/16 10:52,D-060716105200-WI,D,1,14.3,NGUYEN NGOC JOHNATHAN,"123 PACKWELL CT. SAN JOSE, CA 95138 -Phone: 408-585-8631",CHUNG HOANG TAN,50 TO 2 AP MY AN. XA TAN MY. H: TRA ON. VINH LONG  Vinh Long-Phone: 0121 391 0661 ," KEM 2, SON 3_ SPRAY 1, LAN NACH 5_ SUA 2 , THUOC 3_ RUA MAT 4, BAN CHAI 7_BANG VE SINH 3_ _ _ _ _ _ _  ",A,,,,6.5,,,,,,,,,,,,,,,,,,,,,,,,,,,,,,,,,,,,,,,,,,,,,,,,,,,,,,,,,,,,,,,,,,,,,,,,,,,,,,,,,,,,,,,,,,,,,,,,,,,,,,,,,,,,,,,,,,,,,,,,,,,,,,,,,,,,,,,,,,,,,,,,,,,,,,,,,,,,,,,,,,,,,,,,,,,,,,,,,,,,,,,,,,,,,,,,,,,,,,,,,,,,,,,,,,,,,,,,,,,,,,,,,,,,,,,,,,
6/7/16 10:52,D-060716105203-WI,D,1,1.8,PHAM Y THANH - ERIC TANG,"2278 WOODSET LN. SAN JOSE, CA 95116-Phone: 408-981-8721",TRAN DAI HIEP hay GIANG DUONG,171/65 AP BINH DUONG 3. XA: AN BINH. H: DI AN. BINH DUONG  Binh Duong-Phone: 0937 202 107 va 0935 747 425 ," CHARGER 1, BLUTOOTH NHO 1 _ TAI NGHE NHO 1, DUOC THAO 3_ _ __ _ _ _ _ _ _  ",A,,,,0.8,,,,,,,,,,,,,,,,,,,,,,,,,,,,,,,,,,,,,,,,,,,,,,,,,,,,,,,,,,,,,,,,,,,,,,,,,,,,,,,,,,,,,,,,,,,,,,,,,,,,,,,,,,,,,,,,,,,,,,,,,,,,,,,,,,,,,,,,,,,,,,,,,,,,,,,,,,,,,,,,,,,,,,,,,,,,,,,,,,,,,,,,,,,,,,,,,,,,,,,,,,,,,,,,,,,,,,,,,,,,,,,,,,,,,,,,,,
6/7/16 10:55,D-060716105523-WI,D,1,27.2,YEN NGUYEN,"455 INDEPENDENCE DR, SJ, CA 95111-Phone: 408-605-0310",NGUYEN LONG YEN VAN,"526/4 K/P 3, PHAM VAN THUAN, F TAM HIEP, BIEN HOA Dong Nai-Phone: 0977 909 896"," SUA PEDIASURE 8 LON, BANH 1_ CANDY 5, GUM 1, LAN NACH 2_ DEP 1, OMEGA 2, QUAN AO MIX_ __ _ _ _ _ _ _  ",B,2,6,1,12.4,,,,,,,,,,,,,,,,,,,,,,,,,,,,,,,,,,,,,,,,,,,,,,,,,,,,,,,,,,,,,,,,,,,,,,,,,,,,,,,,,,,,,,,,,,,,,,,,,,,,,,,,,,,,,,,,,,,,,,,,,,,,,,,,,,,,,,,,,,,,,,,,,,,,,,,,,,,,,,,,,,,,,,,,,,,,,,,,,,,,,,,,,,,,,,,,,,,,,,,,,,,,,,,,,,,,,,,,,,,,,,,,,,,,,,,,,,
6/7/16 11:05,D-060716110529-WI,D,1,45.1,TAN NGUYEN,"2151 OAKLAND RD #8, SJ CA 95131-Phone: 408-646-4316",NGUYEN THI KIM LIEN,"83 E DUONG 33, F TAN KIENG, Q 7 TP HO CHI MINH-Phone: 093 602 1183 OR 771 3519", QUAN AO CU MIX_ SNACK CHIP 2_ _ __ _ _ _ _ _ _  ,B,,,,20.5,,,,,,,,,,,,,,,,,,,,,,,,,,,,,,,,,,,,,,,,,,,,,,,,,,,,,,,,,,,,,,,,,,,,,,,,,,,,,,,,,,,,,,,,,,,,,,,,,,,,,,,,,,,,,,,,,,,,,,,,,,,,,,,,,,,,,,,,,,,,,,,,,,,,,,,,,,,,,,,,,,,,,,,,,,,,,,,,,,,,,,,,,,,,,,,,,,,,,,,,,,,,,,,,,,,,,,,,,,,,,,,,,,,,,,,,,,
6/7/16 11:09,D-060716110937-WI,D,1,6.5,HUYNH VIET AN,"451 HASSINGER RD. SAN JOSE, CA 95111-Phone: 408-609-7794",HUYNH VIET DONG,76 DUONG SO 5. F: 17. Q: GO VAP  TP HO CHI MINH-Phone: 0935 234 082 , ENSURE 1 CASE _ _ _ __ _ _ _ _ _ _  ,B,,,,2.9,,,,,,,,,,,,,,,,,,,,,,,,,,,,,,,,,,,,,,,,,,,,,,,,,,,,,,,,,,,,,,,,,,,,,,,,,,,,,,,,,,,,,,,,,,,,,,,,,,,,,,,,,,,,,,,,,,,,,,,,,,,,,,,,,,,,,,,,,,,,,,,,,,,,,,,,,,,,,,,,,,,,,,,,,,,,,,,,,,,,,,,,,,,,,,,,,,,,,,,,,,,,,,,,,,,,,,,,,,,,,,,,,,,,,,,,,,
6/7/16 11:16,D-060716111656-WI,D,2,77.2,VAN NGUYEN,270 UMBARGER RD APT 70 SAN JOSE CA 95111-Phone: 408-702-5298,NGUYEN DUC DINH," VUI LONG GOI PHONE LAY DIA CHI , CAM ON RAT NHIEU TP HO CHI MINH-Phone: 01682258115", BANH KEO MIX _ VAT DUNG GIA DINH_ _ __ _ _ _ _ _ _  ,B,,,,35.1,,,,,,,,,,,,,,,,,,,,,,,,,,,,,,,,,,,,,,,,,,,,,,,,,,,,,,,,,,,,,,,,,,,,,,,,,,,,,,,,,,,,,,,,,,,,,,,,,,,,,,,,,,,,,,,,,,,,,,,,,,,,,,,,,,,,,,,,,,,,,,,,,,,,,,,,,,,,,,,,,,,,,,,,,,,,,,,,,,,,,,,,,,,,,,,,,,,,,,,,,,,,,,,,,,,,,,,,,,,,,,,,,,,,,,,,,,
6/7/16 11:30,D-060716113035-WI,D,1,38.8,LAN CAO,415 S 5TH ST 6 SAN JOSE CA 95112-Phone: 408-998-4857,DO THU HUONG,"687/34D KINH DUONG VUONG P.AN LAC , Q.BINH TAN  TP HO CHI MINH-Phone: 01684628659", SUA ENSURE 8 LON_ THUOC DAN 2PK_ SPAM 11_ CA HOP 6_BO DAU 4_ QUAN AO MIX_ _ _ _ _ _  ,B,,,,17.6,,,,,,,,,,,,,,,,,,,,,,,,,,,,,,,,,,,,,,,,,,,,,,,,,,,,,,,,,,,,,,,,,,,,,,,,,,,,,,,,,,,,,,,,,,,,,,,,,,,,,,,,,,,,,,,,,,,,,,,,,,,,,,,,,,,,,,,,,,,,,,,,,,,,,,,,,,,,,,,,,,,,,,,,,,,,,,,,,,,,,,,,,,,,,,,,,,,,,,,,,,,,,,,,,,,,,,,,,,,,,,,,,,,,,,,,,,
6/7/16 11:18,D-060716111840-WI,D,1,12.9,MUOI LE,"372 CHATEAU SALLE DR, SJ, CA 95111-Phone: 209-808-4971",LE THI TUYET MAI,"BAN THANH TRA- 72 HAI BA TRUNG, F BEN GHE, Q 1 TP HO CHI MINH-Phone: 090 934 7469"," MAT TAP THE DUC 1_ BANH 4, GUMMY 4_ CALCIUM 1_ __ _ _ _ _ _ _  ",C,3,9,1,5.9,,,,,,,,,,,,,,,,,,,,,,,,,,,,,,,,,,,,,,,,,,,,,,,,,,,,,,,,,,,,,,,,,,,,,,,,,,,,,,,,,,,,,,,,,,,,,,,,,,,,,,,,,,,,,,,,,,,,,,,,,,,,,,,,,,,,,,,,,,,,,,,,,,,,,,,,,,,,,,,,,,,,,,,,,,,,,,,,,,,,,,,,,,,,,,,,,,,,,,,,,,,,,,,,,,,,,,,,,,,,,,,,,,,,,,,,,,
6/7/16 11:20,D-060716112008-WI,D,3,50.4,MAI NGUYEN,"4675 MIA CIR, SJ CA 95136-Phone: 408-642-8002",NGUYEN THI HIEN,148 DUONG THACH LAM. F: PHU THANH. Q: TAN PHU TP HO CHI MINH-Phone: 090 859 3939," NON 5, TUMB 2, SHOE 8_ AO QUAN MIX, CAI TOC EMBE MIX_ DAU GOI 6, MAT KINH EM BE 5_ DUONG DA TOC 1, NUT 1 _THUC AN HOP 3, _ _ _ _ _ _ _  ",C,,,,22.9,,,,,,,,,,,,,,,,,,,,,,,,,,,,,,,,,,,,,,,,,,,,,,,,,,,,,,,,,,,,,,,,,,,,,,,,,,,,,,,,,,,,,,,,,,,,,,,,,,,,,,,,,,,,,,,,,,,,,,,,,,,,,,,,,,,,,,,,,,,,,,,,,,,,,,,,,,,,,,,,,,,,,,,,,,,,,,,,,,,,,,,,,,,,,,,,,,,,,,,,,,,,,,,,,,,,,,,,,,,,,,,,,,,,,,,,,,
6/7/16 11:35,D-060716113508-WI,D,1,20.6,KIEU TAM,"3165 BOURGOGNE CT. SAN JOSE, CA 95135-Phone: 408-805-2672",KIEU DINH LOI va CAO THI HOI,"DOI 5, XA DIEN AN. HUYEN DIEN KHANH. TINH KHANH HOA  Khanh Hoa-Phone: 164 6868 009  va 168 2316 850"," DAU XANH 1,  KEM 1 _ NAM KHO 2, HONG KHO 1 _ GIO XACH 1, VITA 2, MIST 2_ SALONPAS 1 __ _ _ _ _ _ _  ",C,,,,9.4,,,,,,,,,,,,,,,,,,,,,,,,,,,,,,,,,,,,,,,,,,,,,,,,,,,,,,,,,,,,,,,,,,,,,,,,,,,,,,,,,,,,,,,,,,,,,,,,,,,,,,,,,,,,,,,,,,,,,,,,,,,,,,,,,,,,,,,,,,,,,,,,,,,,,,,,,,,,,,,,,,,,,,,,,,,,,,,,,,,,,,,,,,,,,,,,,,,,,,,,,,,,,,,,,,,,,,,,,,,,,,,,,,,,,,,,,,
6/7/16 11:36,D-060716113650-WI,D,1,24.7,NGOC T LAI,"32108 ALVARDO BLVD APPT 243, UNION CITY CA 94587-Phone: 510-499-6033",TRUONG THI DUNG,"541/15/4 TINH LO 10, PHUONG BINH TRI DONG B, QUAN BINH TAN TP HO CHI MINH-Phone: 090 817 4909"," GIAY 5_ GIAY THOM 2_ BAN CHAI 11 PK_ DAM EM BE 3_AO 6, QUAN JEAN 1_ BONG TAI 2_ SPRAY 2, COLAGEN 3_ CHOCOLATE 1, MY PHAM 4 PK_ _ _ _  ",C,,,,11.2,,,,,,,,,,,,,,,,,,,,,,,,,,,,,,,,,,,,,,,,,,,,,,,,,,,,,,,,,,,,,,,,,,,,,,,,,,,,,,,,,,,,,,,,,,,,,,,,,,,,,,,,,,,,,,,,,,,,,,,,,,,,,,,,,,,,,,,,,,,,,,,,,,,,,,,,,,,,,,,,,,,,,,,,,,,,,,,,,,,,,,,,,,,,,,,,,,,,,,,,,,,,,,,,,,,,,,,,,,,,,,,,,,,,,,,,,,
6/7/16 11:51,D-060716115108-WI,D,1,32.3,THAO LE,"3637 SNELL AVE #364, SJ CA 95136-Phone: 408-901-9665",LE THI THANH TAM,"189/2 DINH BO LINH, F 2, MY THO Tien Giang-Phone: 097 777 3071"," SUA ENSURE 1 CASE_ DAU XANH 1 PACK_ COFFEEMATE 1, BOT CAM 1_ BOT CHOCOLATE 2 BAG_PHAN NEN 1_ _ _ _ _ _ _  ",C,,,,14.7,,,,,,,,,,,,,,,,,,,,,,,,,,,,,,,,,,,,,,,,,,,,,,,,,,,,,,,,,,,,,,,,,,,,,,,,,,,,,,,,,,,,,,,,,,,,,,,,,,,,,,,,,,,,,,,,,,,,,,,,,,,,,,,,,,,,,,,,,,,,,,,,,,,,,,,,,,,,,,,,,,,,,,,,,,,,,,,,,,,,,,,,,,,,,,,,,,,,,,,,,,,,,,,,,,,,,,,,,,,,,,,,,,,,,,,,,,
6/7/16 12:06,D-060716120600-WI,D,1,21.0,DUNG NGUYEN,"5068 CALWA CT, SJ CA 95111-Phone: 408-816-4211",NGUYEN HUY TAM,"AP LANG HOANG GIA, XA LONG HUNG, THI XA GO CONG Tien Giang-Phone: 073 384 2087 OR 0918 918 235"," SUA ENSURE 2 LON_ TOY 1, BANH 2_ LAN NACH 5, SPAM 1PK_ KEM DANH RANG 2_BAN CHAI 1_ _ _ _ _ _ _  ",C,,,,9.5,,,,,,,,,,,,,,,,,,,,,,,,,,,,,,,,,,,,,,,,,,,,,,,,,,,,,,,,,,,,,,,,,,,,,,,,,,,,,,,,,,,,,,,,,,,,,,,,,,,,,,,,,,,,,,,,,,,,,,,,,,,,,,,,,,,,,,,,,,,,,,,,,,,,,,,,,,,,,,,,,,,,,,,,,,,,,,,,,,,,,,,,,,,,,,,,,,,,,,,,,,,,,,,,,,,,,,,,,,,,,,,,,,,,,,,,,,
6/7/16 12:17,D-060716121720-WI,D,1,21.0,PHUONG NGUYEN,"1478 CALIENTE WAY SAN JOSE,CA 95132-Phone: 408-600-5420",NGO THI HIEU,"415/34 TAN HUONG, PHUONG TAN QUI , Q TAN PHU TP HO CHI MINH-Phone: 0903 920 301 OR 38473560"," GIO 1, SUA EM BE 2, _ CHIA SEED, BANH KEO_ BABY SNACK, MATKIENG 2_ DONG HO THOI TRANG 3__ _ _ _ _ _ _  ",C,,,,9.5,,,,,,,,,,,,,,,,,,,,,,,,,,,,,,,,,,,,,,,,,,,,,,,,,,,,,,,,,,,,,,,,,,,,,,,,,,,,,,,,,,,,,,,,,,,,,,,,,,,,,,,,,,,,,,,,,,,,,,,,,,,,,,,,,,,,,,,,,,,,,,,,,,,,,,,,,,,,,,,,,,,,,,,,,,,,,,,,,,,,,,,,,,,,,,,,,,,,,,,,,,,,,,,,,,,,,,,,,,,,,,,,,,,,,,,,,,
6/7/16 12:14,D-060716121424-WI,D,1,17.1,PHAM THUY PHUONG LOAN,"2715 CUNNINGHAM AVE, SAN JOSE CA 95148-Phone: 408-903-7208",NGUYEN THI BICH HANG,"193D, NAM KY KHOI NGHIA, PHUONG 7, QUAN 3 TP HO CHI MINH-Phone: 093 400 2109"," CHOCOLATE 1, NHO KHO 5_ CHONG NANG 1, MAI DAO 1_ NUOC SUC MIENG 2_ __ _ _ _ _ _ _  ",D,4,8,1,7.8,,,,,,,,,,,,,,,,,,,,,,,,,,,,,,,,,,,,,,,,,,,,,,,,,,,,,,,,,,,,,,,,,,,,,,,,,,,,,,,,,,,,,,,,,,,,,,,,,,,,,,,,,,,,,,,,,,,,,,,,,,,,,,,,,,,,,,,,,,,,,,,,,,,,,,,,,,,,,,,,,,,,,,,,,,,,,,,,,,,,,,,,,,,,,,,,,,,,,,,,,,,,,,,,,,,,,,,,,,,,,,,,,,,,,,,,,,
6/7/16 12:23,D-060716122321-WI,D,2,39.2,TRUONG PHAN,"318 INDIAN BROOM DR, SAN JOSE CA 95111-Phone: 408-952-9624",PHAN MINH NHUT,"31 DUONG CHO LON,. F 11, Q 6 TP HO CHI MINH-Phone: 090 9899 585"," NOI EM BE 1, _ AO QUAN EM BE MIX , VITA 2 _ GEL TAM EMBE MIX, AX 1 _ __ _ _ _ _ _ _  ",D,,,,17.8,,,,,,,,,,,,,,,,,,,,,,,,,,,,,,,,,,,,,,,,,,,,,,,,,,,,,,,,,,,,,,,,,,,,,,,,,,,,,,,,,,,,,,,,,,,,,,,,,,,,,,,,,,,,,,,,,,,,,,,,,,,,,,,,,,,,,,,,,,,,,,,,,,,,,,,,,,,,,,,,,,,,,,,,,,,,,,,,,,,,,,,,,,,,,,,,,,,,,,,,,,,,,,,,,,,,,,,,,,,,,,,,,,,,,,,,,,
6/7/16 12:28,D-060716122810-WI,D,1,16.7,THANH NGUYEN,"2501 SPRINGFLOWER WAY, MOSDESTO CA 95350-Phone: 209-882-2999",NGUYEN THI RAM,"THON 4, XUAN HAI, THI XA SONG CAU Phu Yen-Phone: 0169 2614 901", SUA ENSURE 2 CASE_ THUOC 4_ DUONG MOI 1_ __ _ _ _ _ _ _  ,D,,,,7.6,,,,,,,,,,,,,,,,,,,,,,,,,,,,,,,,,,,,,,,,,,,,,,,,,,,,,,,,,,,,,,,,,,,,,,,,,,,,,,,,,,,,,,,,,,,,,,,,,,,,,,,,,,,,,,,,,,,,,,,,,,,,,,,,,,,,,,,,,,,,,,,,,,,,,,,,,,,,,,,,,,,,,,,,,,,,,,,,,,,,,,,,,,,,,,,,,,,,,,,,,,,,,,,,,,,,,,,,,,,,,,,,,,,,,,,,,,
6/7/16 12:29,D-060716122909-WI,D,3,104.7,NGUYEN THI NIU,-Phone: 408 406 5945,VU THI DOAN HANG,"244 DUONG GO XOAI, F BINH HUNG HOA A, Q TAN BINH TP HO CHI MINH-Phone: 083 506 1953 OR 090 676 6221"," THUC AN DONG LANH_ SUA ENSURE 12 LON_ QUAN AO CU MIX_ DAU XANH 1 PK, BO DAU PHONG 2_CANDY 12, NHO KHO 1_ CEREAL, THUC AN KHO MIX_ _ _ _ _ _  ",D,,,,47.6,,,,,,,,,,,,,,,,,,,,,,,,,,,,,,,,,,,,,,,,,,,,,,,,,,,,,,,,,,,,,,,,,,,,,,,,,,,,,,,,,,,,,,,,,,,,,,,,,,,,,,,,,,,,,,,,,,,,,,,,,,,,,,,,,,,,,,,,,,,,,,,,,,,,,,,,,,,,,,,,,,,,,,,,,,,,,,,,,,,,,,,,,,,,,,,,,,,,,,,,,,,,,,,,,,,,,,,,,,,,,,,,,,,,,,,,,,
6/7/16 12:33,D-060716123310-WI,D,1,20.4,THUY VAN,"547 S NINTH ST, SJ, CA 95112-Phone: 408-242-7748",PHAN THI NGOC DIEP,"KHU VUC KHANH HUNG 2, F TRA LONG, LONG MY. HAU GIANG  Hau Giang-Phone: 0915 092 757"," KEO 3,CHIA 3,LOTION 1_ FISH OIL 4,CAP HOC SINH 1_ HOP DUNG BUT 1_ __ _ _ _ _ _ _  ",D,,,,9.3,,,,,,,,,,,,,,,,,,,,,,,,,,,,,,,,,,,,,,,,,,,,,,,,,,,,,,,,,,,,,,,,,,,,,,,,,,,,,,,,,,,,,,,,,,,,,,,,,,,,,,,,,,,,,,,,,,,,,,,,,,,,,,,,,,,,,,,,,,,,,,,,,,,,,,,,,,,,,,,,,,,,,,,,,,,,,,,,,,,,,,,,,,,,,,,,,,,,,,,,,,,,,,,,,,,,,,,,,,,,,,,,,,,,,,,,,,
6/7/16 12:30,D-060716123045-WI,D,1,19.0,THANH NGUYEN,"2501 SPRINGFLOWER WAY, MOSDESTO CA 95350-Phone: 209-882-2999",NGUYEN THI THU HUE,"CUA HANG XE MAY THAO,TO DAN PHO 6, THI TRAN PHU THIEN Gia Lai-Phone: 0964003379", SUA ENSURE 2 CASE_ THUOC 5_ DUONG MOI 1_ __ _ _ _ _ _ _  ,E,5,9,1,8.6,,,,,,,,,,,,,,,,,,,,,,,,,,,,,,,,,,,,,,,,,,,,,,,,,,,,,,,,,,,,,,,,,,,,,,,,,,,,,,,,,,,,,,,,,,,,,,,,,,,,,,,,,,,,,,,,,,,,,,,,,,,,,,,,,,,,,,,,,,,,,,,,,,,,,,,,,,,,,,,,,,,,,,,,,,,,,,,,,,,,,,,,,,,,,,,,,,,,,,,,,,,,,,,,,,,,,,,,,,,,,,,,,,,,,,,,,,
6/7/16 12:41,D-060716124130-WI,D,1,56.8,THANH THUY NGUYEN,"2655 WHISPERING HILLS CIR. SAN JOSE, CA 95148-Phone: 408-667-8700",NGUYEN HOANG VU,4/1/65 PHAN BOI CHAU. T/P HUE  Thua Thien Hue-Phone: 054 3 832497 va 905 148 673," SPAM 5, C 1,  HOT COCO 2_ DUONG DA TOC 2, CANXI 1_ TRA 1, SAN THAN 1, BAO TAY 1_ AO AM 3 , SALONPAS 2__ _ _ _ _ _ _  ",E,,,,25.8,,,,,,,,,,,,,,,,,,,,,,,,,,,,,,,,,,,,,,,,,,,,,,,,,,,,,,,,,,,,,,,,,,,,,,,,,,,,,,,,,,,,,,,,,,,,,,,,,,,,,,,,,,,,,,,,,,,,,,,,,,,,,,,,,,,,,,,,,,,,,,,,,,,,,,,,,,,,,,,,,,,,,,,,,,,,,,,,,,,,,,,,,,,,,,,,,,,,,,,,,,,,,,,,,,,,,,,,,,,,,,,,,,,,,,,,,,
6/7/16 12:48,D-060716124840-WI,D,1,12.2,HUONG BUI,"2135 LITTLE ORCHARD, SAN JOSE CA 95125-Phone: 408-966-3477",BUI THI THANH MAI,"AP SUOI TRE, XA SUOI TRE, T/X LONG KHANH, DONG NAI Dong Nai-Phone: 0902 820 690/726118"," ENSURE 3,THUOC BO 4,_ KEM&BAN CHAI 2 PACK_ _ __ _ _ _ _ _ _  ",E,,,,5.5,,,,,,,,,,,,,,,,,,,,,,,,,,,,,,,,,,,,,,,,,,,,,,,,,,,,,,,,,,,,,,,,,,,,,,,,,,,,,,,,,,,,,,,,,,,,,,,,,,,,,,,,,,,,,,,,,,,,,,,,,,,,,,,,,,,,,,,,,,,,,,,,,,,,,,,,,,,,,,,,,,,,,,,,,,,,,,,,,,,,,,,,,,,,,,,,,,,,,,,,,,,,,,,,,,,,,,,,,,,,,,,,,,,,,,,,,,
6/6/16 16:59,D-060616165910-WI,D,1,36.1,DONG PHONG VO,"6195 QUITMAN ST ARVADA ,CO 80003-Phone: 408-708-8388",XUAN HUYEN TA VO,"549/15/11 XO VIET NGHE TINH, F 26, Q BINH THANH TP HO CHI MINH-Phone: 0908 813 950 OR 0984 111 575", SUA ENSURE NUOC 3 PK_ _ _ __ _ _ _ _ _ _  ,E,,,,16.4,,,,,,,,,,,,,,,,,,,,,,,,,,,,,,,,,,,,,,,,,,,,,,,,,,,,,,,,,,,,,,,,,,,,,,,,,,,,,,,,,,,,,,,,,,,,,,,,,,,,,,,,,,,,,,,,,,,,,,,,,,,,,,,,,,,,,,,,,,,,,,,,,,,,,,,,,,,,,,,,,,,,,,,,,,,,,,,,,,,,,,,,,,,,,,,,,,,,,,,,,,,,,,,,,,,,,,,,,,,,,,,,,,,,,,,,,,
6/7/16 12:57,D-060716125749-WI,D,1,4.9,PHUONGTHAO CAO,753 LAYTON ST SANTA CLARA CA 95051-Phone: 669-233-6033,LUONG THI TO,"160 DUONG TAM CHAU,KP 1,F TAM BINH,THU DUC TP HO CHI MINH-Phone: 0122 448 7597/090 929 7043", MASSAGE 1_ _ _ __ _ _ _ _ _ _  ,E,,,,2.2,,,,,,,,,,,,,,,,,,,,,,,,,,,,,,,,,,,,,,,,,,,,,,,,,,,,,,,,,,,,,,,,,,,,,,,,,,,,,,,,,,,,,,,,,,,,,,,,,,,,,,,,,,,,,,,,,,,,,,,,,,,,,,,,,,,,,,,,,,,,,,,,,,,,,,,,,,,,,,,,,,,,,,,,,,,,,,,,,,,,,,,,,,,,,,,,,,,,,,,,,,,,,,,,,,,,,,,,,,,,,,,,,,,,,,,,,,
6/7/16 13:12,D-060716131247-WI,D,1,11.2,TRONG THAI,"726 HELLYER AVE, SAN JOSE, CA, 95111-Phone: 408-520-8834",THAI THANH PHUONG,"6/16A PHAM HUNG, F 10, Q 8 TP HO CHI MINH-Phone: 0908 545 631", DO BABY _ KEM DANH RANG_ _ __ _ _ _ _ _ _  ,E,,,,5.1,,,,,,,,,,,,,,,,,,,,,,,,,,,,,,,,,,,,,,,,,,,,,,,,,,,,,,,,,,,,,,,,,,,,,,,,,,,,,,,,,,,,,,,,,,,,,,,,,,,,,,,,,,,,,,,,,,,,,,,,,,,,,,,,,,,,,,,,,,,,,,,,,,,,,,,,,,,,,,,,,,,,,,,,,,,,,,,,,,,,,,,,,,,,,,,,,,,,,,,,,,,,,,,,,,,,,,,,,,,,,,,,,,,,,,,,,,
6/7/16 13:17,D-060716131740-WI,D,1,6.9,TRUONG PHAM,"1944 DAYTONA DR, SAN JOSE CA 95122-Phone: 408-679-0182 or 408-923-0384",PHAM NGHI KHANH,"129/9 BINH QUOI, PHUONG 27, QUAN BINH THANH TP HO CHI MINH-Phone: 090 369 9050 or 835 566 080", KHAN 2_ SACH 3_ KEM 4_ __ _ _ _ _ _ _  ,E,,,,3.1,,,,,,,,,,,,,,,,,,,,,,,,,,,,,,,,,,,,,,,,,,,,,,,,,,,,,,,,,,,,,,,,,,,,,,,,,,,,,,,,,,,,,,,,,,,,,,,,,,,,,,,,,,,,,,,,,,,,,,,,,,,,,,,,,,,,,,,,,,,,,,,,,,,,,,,,,,,,,,,,,,,,,,,,,,,,,,,,,,,,,,,,,,,,,,,,,,,,,,,,,,,,,,,,,,,,,,,,,,,,,,,,,,,,,,,,,,
6/7/16 13:31,D-060716133143-WI,D,2,37.2,DAO HUYEN,"3150 LOMA VERDE DR #21, SJ CA 95117-Phone: 408-649-1534",PHAM THI PHUONG YEN,"112A, K/P 3, F TAN HOA, BIEN HOA (GOI KHACH NHAN HANG TAI CONG TY) TP HO CHI MINH-Phone: 090 166 4422 va 01266 110791"," CHOCOLATE 4,PEDIASURE 4_ OATMEAL 2,LAN NACH 10_ PHAN 1,COLLAGEN 3,COLGATE 2_ NHUOM TOC 5,TUI XACH 3_QUAN AO MIX,DEP 1_ _ _ _ _ _ _  ",E,,,,16.9,,,,,,,,,,,,,,,,,,,,,,,,,,,,,,,,,,,,,,,,,,,,,,,,,,,,,,,,,,,,,,,,,,,,,,,,,,,,,,,,,,,,,,,,,,,,,,,,,,,,,,,,,,,,,,,,,,,,,,,,,,,,,,,,,,,,,,,,,,,,,,,,,,,,,,,,,,,,,,,,,,,,,,,,,,,,,,,,,,,,,,,,,,,,,,,,,,,,,,,,,,,,,,,,,,,,,,,,,,,,,,,,,,,,,,,,,,
6/6/16 17:36,D-060616173614-WI,D,1,11.8,THANG NGUYEN,"900 GOLDEN WHEEL PARK DR #139, SJ CA 95112-Phone: 408-326-9818",NGUYEN NGOC BANG CHAU,115/9 A NGO TAT TO.  F: 22 Q: BINH THANH TP HO CHI MINH-Phone: 094 242 4254," BINH SUA 3 PK, SUA SIMILAC 4_ BANH 2, GUM 2_ DAU TAM 1, GIAY TO_ __ _ _ _ _ _ _  ",F,6,9,1,5.3,,,,,,,,,,,,,,,,,,,,,,,,,,,,,,,,,,,,,,,,,,,,,,,,,,,,,,,,,,,,,,,,,,,,,,,,,,,,,,,,,,,,,,,,,,,,,,,,,,,,,,,,,,,,,,,,,,,,,,,,,,,,,,,,,,,,,,,,,,,,,,,,,,,,,,,,,,,,,,,,,,,,,,,,,,,,,,,,,,,,,,,,,,,,,,,,,,,,,,,,,,,,,,,,,,,,,,,,,,,,,,,,,,,,,,,,,,
6/7/16 13:35,D-060716133512-WI,D,1,24.3,DAO HUYEN,"3150 LOMA VERDE DR #21, SJ CA 95117-Phone: 408-649-1534",TU UYEN,"112A, K/P 3, F TAN HOA, BIEN HOA (GOI KHACH NHAN HANG TAI CONG TY) TP HO CHI MINH-Phone: 090 166 4422 va 01266 110791"," ENSURE 2 CASES,PEDIASURE 2_ DAU XANH 1 PACK,GUM 1_ COLLAGEN 2,THUOC KHOP 1_ TUI XACH 1__ _ _ _ _ _ _  ",F,,,,11.0,,,,,,,,,,,,,,,,,,,,,,,,,,,,,,,,,,,,,,,,,,,,,,,,,,,,,,,,,,,,,,,,,,,,,,,,,,,,,,,,,,,,,,,,,,,,,,,,,,,,,,,,,,,,,,,,,,,,,,,,,,,,,,,,,,,,,,,,,,,,,,,,,,,,,,,,,,,,,,,,,,,,,,,,,,,,,,,,,,,,,,,,,,,,,,,,,,,,,,,,,,,,,,,,,,,,,,,,,,,,,,,,,,,,,,,,,,
6/7/16 13:35,D-060716133549-WI,D,2,49.0,GIANG NGUYEN,"366 CHATEAUL LA SALLE DR , SAN JOSE CA 95111-Phone: 408-647-0923",HOANG ANH DINH,"320/14 NGUYEN VAN LINH, PHUONG BINH THUAN, QUAN 7 TP HO CHI MINH-Phone: 0903 612 420"," QUAN AO MIX_ SHOE 3, NON_ _ __ _ _ _ _ _ _  ",F,,,,22.3,,,,,,,,,,,,,,,,,,,,,,,,,,,,,,,,,,,,,,,,,,,,,,,,,,,,,,,,,,,,,,,,,,,,,,,,,,,,,,,,,,,,,,,,,,,,,,,,,,,,,,,,,,,,,,,,,,,,,,,,,,,,,,,,,,,,,,,,,,,,,,,,,,,,,,,,,,,,,,,,,,,,,,,,,,,,,,,,,,,,,,,,,,,,,,,,,,,,,,,,,,,,,,,,,,,,,,,,,,,,,,,,,,,,,,,,,,
6/7/16 13:46,D-060716134613-WI,D,1,30.2,CAO MINH TRI,"3121 LANEVIEW DR,SAN JOSE,CA 95132-Phone: 408-893-1963",LUONG THI HANH,"27/35 TAN THANH(NOI DAI) F 16, Q 11 TP HO CHI MINH-Phone: 0947 970 799/0967 391 103"," KEM CU 7,KEO 3, DESITNE 2_ _ _ __ _ _ _ _ _ _  ",F,,,,13.7,,,,,,,,,,,,,,,,,,,,,,,,,,,,,,,,,,,,,,,,,,,,,,,,,,,,,,,,,,,,,,,,,,,,,,,,,,,,,,,,,,,,,,,,,,,,,,,,,,,,,,,,,,,,,,,,,,,,,,,,,,,,,,,,,,,,,,,,,,,,,,,,,,,,,,,,,,,,,,,,,,,,,,,,,,,,,,,,,,,,,,,,,,,,,,,,,,,,,,,,,,,,,,,,,,,,,,,,,,,,,,,,,,,,,,,,,,
6/7/16 13:49,D-060716134930-WI,D,1,37.4,CAO MINH TRI,"3121 LANEVIEW DR,SAN JOSE,CA 95132-Phone: 408-893-1963",NGUYEN DONG DUY,"374/27 LE HONG PHONG,F 1, Q 10 TP HO CHI MINH-Phone: 0902 778 494"," BANH MIX,GUM 13,KEO HO 6_ _ _ __ _ _ _ _ _ _  ",F,,,,17.0,,,,,,,,,,,,,,,,,,,,,,,,,,,,,,,,,,,,,,,,,,,,,,,,,,,,,,,,,,,,,,,,,,,,,,,,,,,,,,,,,,,,,,,,,,,,,,,,,,,,,,,,,,,,,,,,,,,,,,,,,,,,,,,,,,,,,,,,,,,,,,,,,,,,,,,,,,,,,,,,,,,,,,,,,,,,,,,,,,,,,,,,,,,,,,,,,,,,,,,,,,,,,,,,,,,,,,,,,,,,,,,,,,,,,,,,,,
6/7/16 13:54,D-060716135458-WI,D,1,20.6,HUYNH LAWRENCE,"28 BAYLOR LN. PLEASANT HILL, CA 94523-Phone: 925-285-6079",NGUYEN LAM DUY PHUONG,29 NGUYEN PHUC CHU. F: 15 Q: TAN BINH TP HO CHI MINH-Phone: 091 809 2434 , BANH KEO MIX_ QUAN AO MIX_ GIAY 2_ __ _ _ _ _ _ _  ,F,,,,9.4,,,,,,,,,,,,,,,,,,,,,,,,,,,,,,,,,,,,,,,,,,,,,,,,,,,,,,,,,,,,,,,,,,,,,,,,,,,,,,,,,,,,,,,,,,,,,,,,,,,,,,,,,,,,,,,,,,,,,,,,,,,,,,,,,,,,,,,,,,,,,,,,,,,,,,,,,,,,,,,,,,,,,,,,,,,,,,,,,,,,,,,,,,,,,,,,,,,,,,,,,,,,,,,,,,,,,,,,,,,,,,,,,,,,,,,,,,
6/7/16 14:00,D-060716140010-WI,D,2,14.7,TRAN MINH QUANG,"2636 SENTER RD. SAN JOSE, CA 95111-Phone: 0903 822 113 ",TRAN MINH QUY,103 DONG KHOI. Q: 1  TP HO CHI MINH-Phone: 0903 822 113 , QUY - GAME 2 _ PHONG - NUT 3 _ _ __ _ _ _ _ _ _  ,F,,,,6.7,,,,,,,,,,,,,,,,,,,,,,,,,,,,,,,,,,,,,,,,,,,,,,,,,,,,,,,,,,,,,,,,,,,,,,,,,,,,,,,,,,,,,,,,,,,,,,,,,,,,,,,,,,,,,,,,,,,,,,,,,,,,,,,,,,,,,,,,,,,,,,,,,,,,,,,,,,,,,,,,,,,,,,,,,,,,,,,,,,,,,,,,,,,,,,,,,,,,,,,,,,,,,,,,,,,,,,,,,,,,,,,,,,,,,,,,,,
6/7/16 14:12,D-060716141254-WI,D,1,27.2,HUYNH THI HONG,"270 UMBARGER RD #130. SAN JOSE, CA 95111-Phone: 408-329-3282 ",HUYNH NGOC LAM,"K94/27 NGUYEN CONG TRU P.AN HAI TAY,SON TRA ,  Da Nang TP-Phone: 0905911289"," ENFAGROW 2 LON_ BAN CHAI 2_ KEM DANH RANG 2_ XUC XICH 6, BO DAU 1_SPAM 2, REAL 1_ CA HOP 8, ORGANIC 1_ THUOC 3, THUOC NGUA 2_ BOI VET THUONG 1_ RUA MAT 1, BINH SUA 5_ NUM VU 6, CHIA 1_ CEREAL 2_  ",G,7,10,1,12.4,,,,,,,,,,,,,,,,,,,,,,,,,,,,,,,,,,,,,,,,,,,,,,,,,,,,,,,,,,,,,,,,,,,,,,,,,,,,,,,,,,,,,,,,,,,,,,,,,,,,,,,,,,,,,,,,,,,,,,,,,,,,,,,,,,,,,,,,,,,,,,,,,,,,,,,,,,,,,,,,,,,,,,,,,,,,,,,,,,,,,,,,,,,,,,,,,,,,,,,,,,,,,,,,,,,,,,,,,,,,,,,,,,,,,,,,,,
6/7/16 14:16,D-060716141657-WI,D,1,26.3,HUYNH THI HONG,"270 UMBARGER RD #130. SAN JOSE, CA 95111-Phone: 408-329-3282 ",HUYNH TAN NGOC QUANG,827A NGO QUYEN. SON TRA. DA NANG Da Nang TP-Phone: 093 477 4467 ," ENFAGROW 2_ XUC XICH 12_ SPAM 4, DAU ME 1_ CA HOP 12, BO DAU 1_BAN CHAI 10_ KEM DANH RANG 4_ REAL 1, THUOC 2_ BOI VET THUONG 1_ _ _ _  ",G,,,,11.9,,,,,,,,,,,,,,,,,,,,,,,,,,,,,,,,,,,,,,,,,,,,,,,,,,,,,,,,,,,,,,,,,,,,,,,,,,,,,,,,,,,,,,,,,,,,,,,,,,,,,,,,,,,,,,,,,,,,,,,,,,,,,,,,,,,,,,,,,,,,,,,,,,,,,,,,,,,,,,,,,,,,,,,,,,,,,,,,,,,,,,,,,,,,,,,,,,,,,,,,,,,,,,,,,,,,,,,,,,,,,,,,,,,,,,,,,,
6/7/16 14:17,D-060716141748-WI,D,1,22.1,ANTHONY NGUYEN,"3587 CARICK PLACE WY, SJ CA 95121-Phone: 408-910-0917",HO VAN UT,"682 TRAN CAO VAN, F XUAN HA, KHOI HA DONG, TO 7 Da Nang TP-Phone: 0905 135 341 va 0511 371 0395"," ENSURE 1 LON, BOT CAM 1, _ BO OC 2, BO MAT 1, _ AO QUAN MIX, SHOE 1 _ __ _ _ _ _ _ _  ",G,,,,10.1,,,,,,,,,,,,,,,,,,,,,,,,,,,,,,,,,,,,,,,,,,,,,,,,,,,,,,,,,,,,,,,,,,,,,,,,,,,,,,,,,,,,,,,,,,,,,,,,,,,,,,,,,,,,,,,,,,,,,,,,,,,,,,,,,,,,,,,,,,,,,,,,,,,,,,,,,,,,,,,,,,,,,,,,,,,,,,,,,,,,,,,,,,,,,,,,,,,,,,,,,,,,,,,,,,,,,,,,,,,,,,,,,,,,,,,,,,
6/7/16 14:27,D-060716142731-WI,D,1,11.0,XUYEN PHAM,"1894 SCHLTE DR. #204. SAN JOSE, CA 95133-Phone: 408-707-6324",TRAN QUOC HUY,559 HOANG SA.- SO CU 134/109/237A - LY CHINH THANG. F: 7 Q: 3  TP HO CHI MINH-Phone: 0902 949 249 ," HOP DUNG MAKE UP 4, CO 3 _ PHAN 4, SON 3 _ _ __ _ _ _ _ _ _  ",G,,,,5.0,,,,,,,,,,,,,,,,,,,,,,,,,,,,,,,,,,,,,,,,,,,,,,,,,,,,,,,,,,,,,,,,,,,,,,,,,,,,,,,,,,,,,,,,,,,,,,,,,,,,,,,,,,,,,,,,,,,,,,,,,,,,,,,,,,,,,,,,,,,,,,,,,,,,,,,,,,,,,,,,,,,,,,,,,,,,,,,,,,,,,,,,,,,,,,,,,,,,,,,,,,,,,,,,,,,,,,,,,,,,,,,,,,,,,,,,,,
6/7/16 14:35,D-060716143533-WI,D,1,38.8,THUY PHAM,"1247 SIERRA VILLAGE PL, SJ, CA 95132-Phone: 908-425-5492",HIEN LE,"2A-14-3 C/C PHU MY , HOANG  QUOC VIET, Q 7 TP HO CHI MINH-Phone: 0968 473 514"," QUAN 3, AO 2, VAY 2, SHOE 1 _ AO QUAN EM BE 5, VITA 3 _ DAU GOI 1, XA 4 , GEL 3 _ SNACK 5, THAT LUNG 1, VI NHO 1__ _ _ _ _ _ _  ",G,,,,17.6,,,,,,,,,,,,,,,,,,,,,,,,,,,,,,,,,,,,,,,,,,,,,,,,,,,,,,,,,,,,,,,,,,,,,,,,,,,,,,,,,,,,,,,,,,,,,,,,,,,,,,,,,,,,,,,,,,,,,,,,,,,,,,,,,,,,,,,,,,,,,,,,,,,,,,,,,,,,,,,,,,,,,,,,,,,,,,,,,,,,,,,,,,,,,,,,,,,,,,,,,,,,,,,,,,,,,,,,,,,,,,,,,,,,,,,,,,
6/7/16 14:36,D-060716143654-WI,D,1,20.6,SILVIA PHAM,391 CARIBE WAY SAN JOSE CA 95133-Phone: 408-828-9495,TRAN MY TRANG,248 TRUONG CHINH P13 Q.TAN BINH TP HO CHI MINH-Phone: 0933035368," SUA ENSURE 1 CASE_ KEM DANH RANG 4PK_ RUA MAT 2_ LOTION 2 , AO 2__ _ _ _ _ _ _  ",G,,,,9.4,,,,,,,,,,,,,,,,,,,,,,,,,,,,,,,,,,,,,,,,,,,,,,,,,,,,,,,,,,,,,,,,,,,,,,,,,,,,,,,,,,,,,,,,,,,,,,,,,,,,,,,,,,,,,,,,,,,,,,,,,,,,,,,,,,,,,,,,,,,,,,,,,,,,,,,,,,,,,,,,,,,,,,,,,,,,,,,,,,,,,,,,,,,,,,,,,,,,,,,,,,,,,,,,,,,,,,,,,,,,,,,,,,,,,,,,,,
6/7/16 14:43,D-060716144319-WI,D,1,12.5,MA TAI,"705 LAVA WAY. SAN JOSE, CA 95133-Phone: 408-650-9681",NGO THI THANH THAO,"34 QUOC LO 62, F 2, TAN AN Long An-Phone: 091 745 2992"," BAN CHAI DANH RANG 2 _ GUM 2, MK 2, DAU NHUC 1_ THU DUONG 1, DAU XANH 1_ BATTERY 2, CASE 1 __ _ _ _ _ _ _  ",G,,,,5.7,,,,,,,,,,,,,,,,,,,,,,,,,,,,,,,,,,,,,,,,,,,,,,,,,,,,,,,,,,,,,,,,,,,,,,,,,,,,,,,,,,,,,,,,,,,,,,,,,,,,,,,,,,,,,,,,,,,,,,,,,,,,,,,,,,,,,,,,,,,,,,,,,,,,,,,,,,,,,,,,,,,,,,,,,,,,,,,,,,,,,,,,,,,,,,,,,,,,,,,,,,,,,,,,,,,,,,,,,,,,,,,,,,,,,,,,,,
6/7/16 14:48,D-060716144849-WI,D,1,20.8,BUI HANG,"228 SEQUIM COMMON. FREMONT, CA 94539-Phone: 832-561-2459",BUI NGOC AN,30 D6 CU XA 30-4 DIEN BIEN PHU. F: 25 Q: BINH THANH  TP HO CHI MINH-Phone: 091 391 0820," AO QUAN MIX, DEP 1, VITA 2 _ SHAMPOO 1 _ _ __ _ _ _ _ _ _  ",G,,,,9.4,,,,,,,,,,,,,,,,,,,,,,,,,,,,,,,,,,,,,,,,,,,,,,,,,,,,,,,,,,,,,,,,,,,,,,,,,,,,,,,,,,,,,,,,,,,,,,,,,,,,,,,,,,,,,,,,,,,,,,,,,,,,,,,,,,,,,,,,,,,,,,,,,,,,,,,,,,,,,,,,,,,,,,,,,,,,,,,,,,,,,,,,,,,,,,,,,,,,,,,,,,,,,,,,,,,,,,,,,,,,,,,,,,,,,,,,,,
6/7/16 15:08,D-060716150831-WI,D,2,14.7,HUYNH - VN,"2636 SENTER RD. SAN JOSE, CA 95111-Phone: 090 779 0975 ",DO LUU HUYNH - VN,7 A/5/27 THANH THAI. F: 14 Q: 10  TP HO CHI MINH-Phone: 090 779 0975 , SHOE 6_ _ _ __ _ _ _ _ _ _  ,G,,,,6.7,,,,,,,,,,,,,,,,,,,,,,,,,,,,,,,,,,,,,,,,,,,,,,,,,,,,,,,,,,,,,,,,,,,,,,,,,,,,,,,,,,,,,,,,,,,,,,,,,,,,,,,,,,,,,,,,,,,,,,,,,,,,,,,,,,,,,,,,,,,,,,,,,,,,,,,,,,,,,,,,,,,,,,,,,,,,,,,,,,,,,,,,,,,,,,,,,,,,,,,,,,,,,,,,,,,,,,,,,,,,,,,,,,,,,,,,,,
6/7/16 14:56,D-060716145606-WI,D,1,6.5,TONY NGUYEN - VN,"2633 SENTER RD. SAN JOSE, CA 95111-Phone: 0909 517 417 va 0242 73831 ",NGUYEN MINH TUAN - VN,10/2 AN DUONG VUONG. F: 10 Q: 6  TP HO CHI MINH-Phone: 0909 517 417 va 0242 73831 , SHOE 4_ _ _ __ _ _ _ _ _ _  ,H,8,12,1,2.9,,,,,,,,,,,,,,,,,,,,,,,,,,,,,,,,,,,,,,,,,,,,,,,,,,,,,,,,,,,,,,,,,,,,,,,,,,,,,,,,,,,,,,,,,,,,,,,,,,,,,,,,,,,,,,,,,,,,,,,,,,,,,,,,,,,,,,,,,,,,,,,,,,,,,,,,,,,,,,,,,,,,,,,,,,,,,,,,,,,,,,,,,,,,,,,,,,,,,,,,,,,,,,,,,,,,,,,,,,,,,,,,,,,,,,,,,,
6/7/16 14:59,D-060716145949-WI,D,2,20.2,EILEEN MAI,"1537 HERMOCILA WY, SJ CA 95116-Phone: 408-849-4096",NGUYEN PHUONG HA OR PHAM THI BICH HAN,"139A PASTEUR, F 6, Q 3 (V/P NIKON) TP HO CHI MINH-Phone: 0938 093 102"," CASE 1, DO TRANG TRI 2_ GHI DONG XE 1_ CONTACLEN 1_ ACCESSARY, SHOE 1_TOOL 1_ TUI DAY NICH 1_ _ _ _ _ _  ",H,,,,9.2,,,,,,,,,,,,,,,,,,,,,,,,,,,,,,,,,,,,,,,,,,,,,,,,,,,,,,,,,,,,,,,,,,,,,,,,,,,,,,,,,,,,,,,,,,,,,,,,,,,,,,,,,,,,,,,,,,,,,,,,,,,,,,,,,,,,,,,,,,,,,,,,,,,,,,,,,,,,,,,,,,,,,,,,,,,,,,,,,,,,,,,,,,,,,,,,,,,,,,,,,,,,,,,,,,,,,,,,,,,,,,,,,,,,,,,,,,
6/7/16 15:08,D-060716150800-WI,D,1,11.4,VO THI CAM THI-VN,"B2 C/C HIM LAM CHO LON, F 11, Q 6-Phone: 0903 955 964",VO THI CAM THI-VN,"B2 C/C HIM LAM CHO LON, F 11, Q 6 TP HO CHI MINH-Phone: 0903 955 964", BOT TRAI CAY_ SACH NAU AN_ _ __ _ _ _ _ _ _  ,H,,,,5.2,,,,,,,,,,,,,,,,,,,,,,,,,,,,,,,,,,,,,,,,,,,,,,,,,,,,,,,,,,,,,,,,,,,,,,,,,,,,,,,,,,,,,,,,,,,,,,,,,,,,,,,,,,,,,,,,,,,,,,,,,,,,,,,,,,,,,,,,,,,,,,,,,,,,,,,,,,,,,,,,,,,,,,,,,,,,,,,,,,,,,,,,,,,,,,,,,,,,,,,,,,,,,,,,,,,,,,,,,,,,,,,,,,,,,,,,,,
6/7/16 15:09,D-060716150949-WI,D,1,10.0,HUYNH - VN,"2636 SENTER RD. SAN JOSE, CA 95111-Phone: 090 779 0975 ",DO LUU HUYNH - VN,7 A/5/27 THANH THAI. F: 14 Q: 10  TP HO CHI MINH-Phone: 090 779 0975 , SHOE 4_ _ _ __ _ _ _ _ _ _  ,H,,,,4.5,,,,,,,,,,,,,,,,,,,,,,,,,,,,,,,,,,,,,,,,,,,,,,,,,,,,,,,,,,,,,,,,,,,,,,,,,,,,,,,,,,,,,,,,,,,,,,,,,,,,,,,,,,,,,,,,,,,,,,,,,,,,,,,,,,,,,,,,,,,,,,,,,,,,,,,,,,,,,,,,,,,,,,,,,,,,,,,,,,,,,,,,,,,,,,,,,,,,,,,,,,,,,,,,,,,,,,,,,,,,,,,,,,,,,,,,,,
6/7/16 11:49,D-060716114911-WI,D,1,21.8,PHAM NGOC OANH,"469 RODEO PL, SAN JOSE CA 95111-Phone: 408-972-4793",PHAM THI KIM HONG,"12 KHU VUC 3, F NGA 7, THI XA NGA 7,  Hau Giang-Phone: 711 396 3867", CEREAL 7_ CHIP 3_ SALONPAS 1HOP_ DUONG MOI 4_NUT 2_ _ _ _ _ _ _  ,H,,,,9.9,,,,,,,,,,,,,,,,,,,,,,,,,,,,,,,,,,,,,,,,,,,,,,,,,,,,,,,,,,,,,,,,,,,,,,,,,,,,,,,,,,,,,,,,,,,,,,,,,,,,,,,,,,,,,,,,,,,,,,,,,,,,,,,,,,,,,,,,,,,,,,,,,,,,,,,,,,,,,,,,,,,,,,,,,,,,,,,,,,,,,,,,,,,,,,,,,,,,,,,,,,,,,,,,,,,,,,,,,,,,,,,,,,,,,,,,,,
6/7/16 12:02,D-060716120232-WI,D,1,23.5,XUAN NGUYEN,"3671 MADRID CT,SAN JOSE,CA 95132-Phone: 408-335-3881",TRAN NGOC GIAU,"840/2E HUONG LO 2, K/P 10, F BINH TRI DONG A, Q BINH TAN TP HO CHI MINH-Phone: 167 592 8445", TRAI CAY_ _ _ __ _ _ _ _ _ _  ,H,,,,10.7,,,,,,,,,,,,,,,,,,,,,,,,,,,,,,,,,,,,,,,,,,,,,,,,,,,,,,,,,,,,,,,,,,,,,,,,,,,,,,,,,,,,,,,,,,,,,,,,,,,,,,,,,,,,,,,,,,,,,,,,,,,,,,,,,,,,,,,,,,,,,,,,,,,,,,,,,,,,,,,,,,,,,,,,,,,,,,,,,,,,,,,,,,,,,,,,,,,,,,,,,,,,,,,,,,,,,,,,,,,,,,,,,,,,,,,,,,
6/7/16 15:15,D-060716151559-WI,D,1,16.3,HA NGUYEN,"K 113/17 NGUYEN CHI THANH, T/P DA NANG-Phone: 098 977 3328",HA NGUYEN - DA NANG,QQ 16 BA VI. F: 15 Q: 10 - KHACH NHAN TAI VAN PHONG  TP HO CHI MINH-Phone: 098 977 3328," SUA EM BE ENFAGROW 1_ TOY 3, CHILDREN 1, GERBER 1_ _ __ _ _ _ _ _ _  ",H,,,,7.4,,,,,,,,,,,,,,,,,,,,,,,,,,,,,,,,,,,,,,,,,,,,,,,,,,,,,,,,,,,,,,,,,,,,,,,,,,,,,,,,,,,,,,,,,,,,,,,,,,,,,,,,,,,,,,,,,,,,,,,,,,,,,,,,,,,,,,,,,,,,,,,,,,,,,,,,,,,,,,,,,,,,,,,,,,,,,,,,,,,,,,,,,,,,,,,,,,,,,,,,,,,,,,,,,,,,,,,,,,,,,,,,,,,,,,,,,,
6/7/16 15:16,D-060716151642-WI,D,1,20.4,HONG NGUYEN,"390 N. WINCHESTER BLVD #7E. SANTA CLARA, CA 95050-Phone: 408-896-0905 va 408-735-9684",NGUYEN THI THUY,"72/32 NGUYEN TRAI, F AN HOI, Q NINH KIEU, CAN THO  Can Tho-Phone: 071 082 6635 OR 0907 919 218", SUA ENSURE 6 HOP_ QUAN AO 17_ NOI NHO 1_ DAU TAM 1_BANH 2_ KEO 10 MIENG_ GIAY 1_ DAU CA 1_ CHONG NANG 1_ _ _  ,H,,,,9.3,,,,,,,,,,,,,,,,,,,,,,,,,,,,,,,,,,,,,,,,,,,,,,,,,,,,,,,,,,,,,,,,,,,,,,,,,,,,,,,,,,,,,,,,,,,,,,,,,,,,,,,,,,,,,,,,,,,,,,,,,,,,,,,,,,,,,,,,,,,,,,,,,,,,,,,,,,,,,,,,,,,,,,,,,,,,,,,,,,,,,,,,,,,,,,,,,,,,,,,,,,,,,,,,,,,,,,,,,,,,,,,,,,,,,,,,,,
6/7/16 15:26,D-060716152635-WI,D,1,20.6,TINA ROSE MICHIGAN,"2636 SENTER RD. SAN JOSE, CA 95111-Phone: 586-265-3063",HONG THI UYEN NHI,"148 LAM BAN BEN, F TAN QUI, Q 7 TP HO CHI MINH-Phone: 0909 826 068"," AO QUAN 7, AO DAM 11, _ AO NGUC EM BE 10, _ GONG KINH 2, NGAM RANG GIA 2_ MAT KINH 5, __ _ _ _ _ _ _  ",H,,,,9.4,,,,,,,,,,,,,,,,,,,,,,,,,,,,,,,,,,,,,,,,,,,,,,,,,,,,,,,,,,,,,,,,,,,,,,,,,,,,,,,,,,,,,,,,,,,,,,,,,,,,,,,,,,,,,,,,,,,,,,,,,,,,,,,,,,,,,,,,,,,,,,,,,,,,,,,,,,,,,,,,,,,,,,,,,,,,,,,,,,,,,,,,,,,,,,,,,,,,,,,,,,,,,,,,,,,,,,,,,,,,,,,,,,,,,,,,,,
6/7/16 15:29,D-060716152915-WI,D,1,10.8,TAM DANG,"PO BOX 21677, SAN JOSE CA 95151-Phone: 408-797-8661",HA MAI_ DANG DAT VAN,"65 VAN THAN , PHUONG 8, QUAN 6 TP HO CHI MINH-Phone: 098 282 8328 or 090 781 3181"," DIA 1_ QUAN AO _ GIAY 4, KINH BABY 1_ __ _ _ _ _ _ _  ",H,,,,4.9,,,,,,,,,,,,,,,,,,,,,,,,,,,,,,,,,,,,,,,,,,,,,,,,,,,,,,,,,,,,,,,,,,,,,,,,,,,,,,,,,,,,,,,,,,,,,,,,,,,,,,,,,,,,,,,,,,,,,,,,,,,,,,,,,,,,,,,,,,,,,,,,,,,,,,,,,,,,,,,,,,,,,,,,,,,,,,,,,,,,,,,,,,,,,,,,,,,,,,,,,,,,,,,,,,,,,,,,,,,,,,,,,,,,,,,,,,
6/7/16 15:42,D-060716154203-WI,D,1,20.8,DIEP BUI,-Phone: 408-597-2963,DANG VU HAI DUONG,"011 LO A, C/C SON KY, Q TAN PHU TP HO CHI MINH-Phone: 0914 046 704", SUA ENFAMIL 10_ THUOC BAC 1_ _ __ _ _ _ _ _ _  ,H,,,,9.5,,,,,,,,,,,,,,,,,,,,,,,,,,,,,,,,,,,,,,,,,,,,,,,,,,,,,,,,,,,,,,,,,,,,,,,,,,,,,,,,,,,,,,,,,,,,,,,,,,,,,,,,,,,,,,,,,,,,,,,,,,,,,,,,,,,,,,,,,,,,,,,,,,,,,,,,,,,,,,,,,,,,,,,,,,,,,,,,,,,,,,,,,,,,,,,,,,,,,,,,,,,,,,,,,,,,,,,,,,,,,,,,,,,,,,,,,,
6/7/16 15:49,D-060716154924-WI,D,1,12.3,HUYNH TAN-VN,"2636 SENTER RD. SJ, CA 95111-Phone: 097 358 1281",HUYNH TAN -VN,"KHACH YEU CAU NHAN HANG TAI VAN PHONG, QQ 16 BA VI, F 15, Q 10 TP HO CHI MINH-Phone: 097 358 1281"," SHOES 2_ DEP 3, DAY NICH 1_ QUAN AO MIX_ __ _ _ _ _ _ _  ",I,9,9,1,5.6,,,,,,,,,,,,,,,,,,,,,,,,,,,,,,,,,,,,,,,,,,,,,,,,,,,,,,,,,,,,,,,,,,,,,,,,,,,,,,,,,,,,,,,,,,,,,,,,,,,,,,,,,,,,,,,,,,,,,,,,,,,,,,,,,,,,,,,,,,,,,,,,,,,,,,,,,,,,,,,,,,,,,,,,,,,,,,,,,,,,,,,,,,,,,,,,,,,,,,,,,,,,,,,,,,,,,,,,,,,,,,,,,,,,,,,,,,
6/7/16 15:51,D-060716155147-WI,D,1,6.9,NHUNG PHAM,"3803 W. 2ND ST N. WICHITA, KS 67203-Phone: 316-461-5902 ",LUONG HUY TAI,"380 A PHAN VAN TRI, F2, Q 5 TP HO CHI MINH-Phone: 0906 636 703"," BANH BABY 4_ TUI 1_ GIFT WATCH 1_ SON 4, KE MAT 1_KEM 2_ _ _ _ _ _ _  ",I,,,,3.1,,,,,,,,,,,,,,,,,,,,,,,,,,,,,,,,,,,,,,,,,,,,,,,,,,,,,,,,,,,,,,,,,,,,,,,,,,,,,,,,,,,,,,,,,,,,,,,,,,,,,,,,,,,,,,,,,,,,,,,,,,,,,,,,,,,,,,,,,,,,,,,,,,,,,,,,,,,,,,,,,,,,,,,,,,,,,,,,,,,,,,,,,,,,,,,,,,,,,,,,,,,,,,,,,,,,,,,,,,,,,,,,,,,,,,,,,,
6/7/16 15:54,D-060716155427-WI,D,3,84.9,HUONG NGUYEN,"66 PLEASANT RIDGE AVE, SJ CA 95127-Phone: 408-251-0359",HAN NHAT NHA TIEN,"42 BIS, LY TU TRONG, PHUONG BEN NGHE, QUAN 1 TP HO CHI MINH-Phone: 0934 35 1214"," TRA, TACH TRA,KEO BANH_ SACH VO_ _ __ _ _ _ _ _ _  ",I,,,,38.6,,,,,,,,,,,,,,,,,,,,,,,,,,,,,,,,,,,,,,,,,,,,,,,,,,,,,,,,,,,,,,,,,,,,,,,,,,,,,,,,,,,,,,,,,,,,,,,,,,,,,,,,,,,,,,,,,,,,,,,,,,,,,,,,,,,,,,,,,,,,,,,,,,,,,,,,,,,,,,,,,,,,,,,,,,,,,,,,,,,,,,,,,,,,,,,,,,,,,,,,,,,,,,,,,,,,,,,,,,,,,,,,,,,,,,,,,,
6/7/16 16:00,D-060716160055-WI,D,1,8.8,TUAN LAI,"15431 JOHNSON RD. SILVER SPRNG MD, C20905-Phone: 301-219-0078",LE THI CAM DANH,"99A TO HIEU P.HIEP TAN , Q.TAN PHU TP HO CHI MINH-Phone: 0909902245"," SUA ENSURE 3 HOP_ OIL 6, SPRAY 3_ AO LOT 6_ __ _ _ _ _ _ _  ",I,,,,4.0,,,,,,,,,,,,,,,,,,,,,,,,,,,,,,,,,,,,,,,,,,,,,,,,,,,,,,,,,,,,,,,,,,,,,,,,,,,,,,,,,,,,,,,,,,,,,,,,,,,,,,,,,,,,,,,,,,,,,,,,,,,,,,,,,,,,,,,,,,,,,,,,,,,,,,,,,,,,,,,,,,,,,,,,,,,,,,,,,,,,,,,,,,,,,,,,,,,,,,,,,,,,,,,,,,,,,,,,,,,,,,,,,,,,,,,,,,
6/7/16 16:02,D-060716160210-WI,D,1,6.7,MY HOANG - FL,"11367 LAKEVIEW DR. CORAL SPRINGS, FL 33071 -Phone: 954-682-2156",LY THI BE,HEM 22 HUNG VUONG. T/T: NGAI GIAO. H: CHAU DUC. BA RIA VUNG TAU Ba Ria-Vung Tau-Phone: 064 388 2027," DEN PIN 5, TAI NGHE 1, _ TRI MUN COC 2_ _ __ _ _ _ _ _ _  ",I,,,,3.0,,,,,,,,,,,,,,,,,,,,,,,,,,,,,,,,,,,,,,,,,,,,,,,,,,,,,,,,,,,,,,,,,,,,,,,,,,,,,,,,,,,,,,,,,,,,,,,,,,,,,,,,,,,,,,,,,,,,,,,,,,,,,,,,,,,,,,,,,,,,,,,,,,,,,,,,,,,,,,,,,,,,,,,,,,,,,,,,,,,,,,,,,,,,,,,,,,,,,,,,,,,,,,,,,,,,,,,,,,,,,,,,,,,,,,,,,,
6/7/16 16:13,D-060716161323-WI,D,1,69.0,DINH TIEN VU,"3444 GULUZZO DR. SAN JOSE, CA 95148-Phone: 408-646-9492",HUYNH THI PHUOC DANH,PHU MY HUNG. Q: 7 SKY GARDEN 3  TP HO CHI MINH-Phone: 0938 992 089," SHAMPOO 6,FISH OIL 8_ LAN NACH 4,XA BONG CUC 2_ BANH KEO MIX, DO AN MIX_ __ _ _ _ _ _ _  ",I,,,,31.4,,,,,,,,,,,,,,,,,,,,,,,,,,,,,,,,,,,,,,,,,,,,,,,,,,,,,,,,,,,,,,,,,,,,,,,,,,,,,,,,,,,,,,,,,,,,,,,,,,,,,,,,,,,,,,,,,,,,,,,,,,,,,,,,,,,,,,,,,,,,,,,,,,,,,,,,,,,,,,,,,,,,,,,,,,,,,,,,,,,,,,,,,,,,,,,,,,,,,,,,,,,,,,,,,,,,,,,,,,,,,,,,,,,,,,,,,,
6/7/16 16:15,D-060716161550-WI,D,1,4.1,SEDO,"1982 SENTER RD, SJ, CA 95112-Phone: 408-799 5665",NGUYEN QUOC THANG,18/83A XO VIET NGHE TINH Can Tho-Phone: 0939 515 900, DUOC THAO 5_ _ _ __ _ _ _ _ _ _  ,I,,,,1.9,,,,,,,,,,,,,,,,,,,,,,,,,,,,,,,,,,,,,,,,,,,,,,,,,,,,,,,,,,,,,,,,,,,,,,,,,,,,,,,,,,,,,,,,,,,,,,,,,,,,,,,,,,,,,,,,,,,,,,,,,,,,,,,,,,,,,,,,,,,,,,,,,,,,,,,,,,,,,,,,,,,,,,,,,,,,,,,,,,,,,,,,,,,,,,,,,,,,,,,,,,,,,,,,,,,,,,,,,,,,,,,,,,,,,,,,,,
6/7/16 16:18,D-060716161827-WI,D,1,4.5,SEDO,"1982 SENTER RD, SJ, CA 95112-Phone: 408-799 5665",KIM THU PHAM,"A29 LE THI RIENG, F THOI AN, Q 12 TP HO CHI MINH-Phone: 098 391 5786", DUOC THAO 5_ _ _ __ _ _ _ _ _ _  ,J,10,11,1,2.0,,,,,,,,,,,,,,,,,,,,,,,,,,,,,,,,,,,,,,,,,,,,,,,,,,,,,,,,,,,,,,,,,,,,,,,,,,,,,,,,,,,,,,,,,,,,,,,,,,,,,,,,,,,,,,,,,,,,,,,,,,,,,,,,,,,,,,,,,,,,,,,,,,,,,,,,,,,,,,,,,,,,,,,,,,,,,,,,,,,,,,,,,,,,,,,,,,,,,,,,,,,,,,,,,,,,,,,,,,,,,,,,,,,,,,,,,,
6/3/16 16:20,D-060316162029-SAC-WI,D,1,19.60,NGUYEN TRUONG,"6430LEMON HILL, SACTO, CA 95824-Phone: 916 272 8151",LE HONG PHUC,"HO NGOC LAM, CHUNG CU EHOME 3, TAY SAIGON, Q BINH TAN TP HO CHI MINH-Phone: 090 450 8396"," GIAY CU 3, LOTION 1, BO 1,_ KEM DUONG 1, SOCOLA 1, _ RANCH 1, DUOC THAO 3_ __ _ _ _ _ _ _  ",J,,,,,,,,,,,,,,,,,,,,,,,,,,,,,,,,,,,,,,,,,,,,,,,,,,,,,,,,,,,,,,,,,,,,,,,,,,,,,,,,,,,,,,,,,,,,,,,,,,,,,,,,,,,,,,,,,,,,,,,,,,,,,,,,,,,,,,,,,,,,,,,,,,,,,,,,,,,,,,,,,,,,,,,,,,,,,,,,,,,,,,,,,,,,,,,,,,,,,,,,,,,,,,,,,,,,,,,,,,,,,,,,,,,,,,,,,,,,,,
6/4/16 12:39,D-060416123947-SAC-WI,D,1,20.19,DAO T HUYEN THUONG,"4059 COPPER LAKE WAY, RNCHO CORDOVA, CA 95742-Phone: 916 420 2460",DAO VAN HIEP,"68 TO 3, KHU XUAN HA, TT XUAN MAI, H CHUONG MY Ha Noi TP-Phone: 093 593 6888"," QUAN AO MIX 11, COLLOGEN 3_ DAU THOM 1, GLUCPSAMINE4_ SON 1, LOTION 1, BO XUNG 4_ PHAN 1, ONE A DAY 1__ _ _ _ _ _ _  ",J,,,,,,,,,,,,,,,,,,,,,,,,,,,,,,,,,,,,,,,,,,,,,,,,,,,,,,,,,,,,,,,,,,,,,,,,,,,,,,,,,,,,,,,,,,,,,,,,,,,,,,,,,,,,,,,,,,,,,,,,,,,,,,,,,,,,,,,,,,,,,,,,,,,,,,,,,,,,,,,,,,,,,,,,,,,,,,,,,,,,,,,,,,,,,,,,,,,,,,,,,,,,,,,,,,,,,,,,,,,,,,,,,,,,,,,,,,,,,,
6/4/16 13:02,D-060416130229-SAC-WI,D,1,33.22,CHAU LE CINDY,"3309 SISKYOU WAY, MODESTO, CA 95350-Phone: 209 968 6995",THAM PHAM,"36 DUONG SO 12, BINH PHU , P11, Q 6 TP HO CHI MINH-Phone: 093 791 4868 OR 083 876 7047"," DAU TAM 5, DAU THOM 3_ DAU GOI XA 5, XIT THOM BODY 3_ THUOC DAU BAO TU 2_ TUI VAI  3, VI NHO GIP 2_THUOC XIT TRI TOC 4_ _ _ _ _ _ _  ",J,,,,,,,,,,,,,,,,,,,,,,,,,,,,,,,,,,,,,,,,,,,,,,,,,,,,,,,,,,,,,,,,,,,,,,,,,,,,,,,,,,,,,,,,,,,,,,,,,,,,,,,,,,,,,,,,,,,,,,,,,,,,,,,,,,,,,,,,,,,,,,,,,,,,,,,,,,,,,,,,,,,,,,,,,,,,,,,,,,,,,,,,,,,,,,,,,,,,,,,,,,,,,,,,,,,,,,,,,,,,,,,,,,,,,,,,,,,,,,
6/6/16 12:48,D-060616124814-SAC-WI,D,1,6.96,HIEN NGUYEN,"8120 POWER INN RD, APT  402, SACRAMENTO, CA 95828-Phone: 916-627-9503",NGUYEN TRUNG AN,"115/6 NGO TAT TO, F 22, QUAN BINH THANH TP HO CHI MINH-Phone: 0121 368 4730"," THUOC BINH NHO  6, _ GUM 3, THUOC CAM 4_ _ __ _ _ _ _ _ _  ",J,,,,,,,,,,,,,,,,,,,,,,,,,,,,,,,,,,,,,,,,,,,,,,,,,,,,,,,,,,,,,,,,,,,,,,,,,,,,,,,,,,,,,,,,,,,,,,,,,,,,,,,,,,,,,,,,,,,,,,,,,,,,,,,,,,,,,,,,,,,,,,,,,,,,,,,,,,,,,,,,,,,,,,,,,,,,,,,,,,,,,,,,,,,,,,,,,,,,,,,,,,,,,,,,,,,,,,,,,,,,,,,,,,,,,,,,,,,,,,
6/6/16 11:24,D-060616112405-SAC-WI,D,1,26.36,VO NGUYEN THI,"7393 WINNEIT WAY, SACRAMENTO, CA 95823-Phone: 916-993-0208",LE THI TAM,"AP DA CAN, XA HOA THUAN, HUYEN CHAU THANH Tra Vinh-Phone:  097-592-6449 OR 448 731"," NHO MAT 2, DAU NONG 2, _ KINH CU 1, DEP 1, SIMILAC 4_ QUAN AO MIX BICH 5_ __ _ _ _ _ _ _  ",J,,,,,,,,,,,,,,,,,,,,,,,,,,,,,,,,,,,,,,,,,,,,,,,,,,,,,,,,,,,,,,,,,,,,,,,,,,,,,,,,,,,,,,,,,,,,,,,,,,,,,,,,,,,,,,,,,,,,,,,,,,,,,,,,,,,,,,,,,,,,,,,,,,,,,,,,,,,,,,,,,,,,,,,,,,,,,,,,,,,,,,,,,,,,,,,,,,,,,,,,,,,,,,,,,,,,,,,,,,,,,,,,,,,,,,,,,,,,,,
6/6/16 12:07,D-060616120740-SAC-WI,D,1,12.45,THAI SON NGOC,"8155  WATERMAN RD APT 1425, SACRAMENTO, CA 95829-Phone: 916-595-0568",THAI THI NGOC LOAN,23/31 TRAN HUNG DAO Thua Thien Hue-Phone: 054 3528214 OR 0166 623 3623," ENTRUST 5, NUT 1, THUOC CAM 1_ TRA XANH 3, COLLOGEN 1_ _ __ _ _ _ _ _ _  ",J,,,,,,,,,,,,,,,,,,,,,,,,,,,,,,,,,,,,,,,,,,,,,,,,,,,,,,,,,,,,,,,,,,,,,,,,,,,,,,,,,,,,,,,,,,,,,,,,,,,,,,,,,,,,,,,,,,,,,,,,,,,,,,,,,,,,,,,,,,,,,,,,,,,,,,,,,,,,,,,,,,,,,,,,,,,,,,,,,,,,,,,,,,,,,,,,,,,,,,,,,,,,,,,,,,,,,,,,,,,,,,,,,,,,,,,,,,,,,,
6/4/16 15:33,D-060416153335-SAC-WI,D,1,11.76,HIEN DIEU CHAU,"6425 TUPELO DR, APT #79, CITRUS HEIGHT, CA 95621-Phone: 916 880 8158",CHAU THI HONG MAT,"672/30 HUYNH TAN PHAT, KHU PHO 3, PHUONG TAN PHU , QUAN 7 TP HO CHI MINH-Phone: 0908 413 042"," XIT 2, TUI XACH 1, DUONG MOI 2,_ SON 2, PHAN 4, KEO 5,_ NUOC HOA 3, KHO BO 6_ __ _ _ _ _ _ _  ",J,,,,,,,,,,,,,,,,,,,,,,,,,,,,,,,,,,,,,,,,,,,,,,,,,,,,,,,,,,,,,,,,,,,,,,,,,,,,,,,,,,,,,,,,,,,,,,,,,,,,,,,,,,,,,,,,,,,,,,,,,,,,,,,,,,,,,,,,,,,,,,,,,,,,,,,,,,,,,,,,,,,,,,,,,,,,,,,,,,,,,,,,,,,,,,,,,,,,,,,,,,,,,,,,,,,,,,,,,,,,,,,,,,,,,,,,,,,,,,
6/4/16 16:01,D-060416160123-SAC-WI,D,1,16.07,ANDY TRAN,9369 MIKO CIR; ELK GROVE CA 95624-Phone: 916-346-5778,CAO NHA THI,GOI KHACH TOI VAN PHONG ABC TAI VN DE NHAN HANG TP HO CHI MINH-Phone: 0120 6666 777 OR 0906 921 235," MI GOI 1 THUNG, USB 2, CASE 2_ SAC PHONE 1, XIT BODY 1, DHO 1_ DAY CABLE 3, CA HOP 1, WIFI 1_ GIAY 1, XA BONG CUC 1, _TAI NGHE 1_KEO 3_ _ _ _ _ _ _  ",J,,,,,,,,,,,,,,,,,,,,,,,,,,,,,,,,,,,,,,,,,,,,,,,,,,,,,,,,,,,,,,,,,,,,,,,,,,,,,,,,,,,,,,,,,,,,,,,,,,,,,,,,,,,,,,,,,,,,,,,,,,,,,,,,,,,,,,,,,,,,,,,,,,,,,,,,,,,,,,,,,,,,,,,,,,,,,,,,,,,,,,,,,,,,,,,,,,,,,,,,,,,,,,,,,,,,,,,,,,,,,,,,,,,,,,,,,,,,,,
6/4/16 13:40,D-060416134019-SAC-WI,D,1,3.72,THANH CONG VO,"6552 CUNNINGHAM WAY, SACRAMENTO, CA 95828-Phone: 916-640-9385",LE NGUYEN MINH TAM,"745/13/2 DUONG QUANG TRUNG, F 12, QUAN GO VAP TP HO CHI MINH-Phone: 0121-857-8577"," GIAT 2, DAY CHASE PHONE 1_ DAU NONG 1_ _ __ _ _ _ _ _ _  ",J,,,,,,,,,,,,,,,,,,,,,,,,,,,,,,,,,,,,,,,,,,,,,,,,,,,,,,,,,,,,,,,,,,,,,,,,,,,,,,,,,,,,,,,,,,,,,,,,,,,,,,,,,,,,,,,,,,,,,,,,,,,,,,,,,,,,,,,,,,,,,,,,,,,,,,,,,,,,,,,,,,,,,,,,,,,,,,,,,,,,,,,,,,,,,,,,,,,,,,,,,,,,,,,,,,,,,,,,,,,,,,,,,,,,,,,,,,,,,,
6/6/16 15:09,D-060616150927-SAC-WI,D,1,25.58,DAVID NGUYEN,"9351 WASHFORD CT, SACRAMENTO, CA 95829-Phone: 916-968-8196",NGUYEN THI KIM VAN OR DAVID NGUYEN,"34/8 NGUYEN DINH CHIEU PHUONG 3, QUAN PHU NHUAN TP HO CHI MINH-Phone: 84 908 296 958 OR 0908 270 270", BO DIEU KHIEN NHAC_ _ _ __ _ _ _ _ HANG DE BE YEU CAU CAN THAN_ _  ,J,,,,,,,,,,,,,,,,,,,,,,,,,,,,,,,,,,,,,,,,,,,,,,,,,,,,,,,,,,,,,,,,,,,,,,,,,,,,,,,,,,,,,,,,,,,,,,,,,,,,,,,,,,,,,,,,,,,,,,,,,,,,,,,,,,,,,,,,,,,,,,,,,,,,,,,,,,,,,,,,,,,,,,,,,,,,,,,,,,,,,,,,,,,,,,,,,,,,,,,,,,,,,,,,,,,,,,,,,,,,,,,,,,,,,,,,,,,,,,
6/5/16 15:53,D-060516155305-SAC-WI,D,1,38.02,LA VAN SON,"6640 SUTHRIE ST, NORTH HIGHLANDS, CA 95660-Phone: 916-333-9500",LA THANH THUY,"44 PHAN VAN TRI, PHUONG 2, QUAN 5 TP HO CHI MINH-Phone: 096 212 173"," DEP 6, QUAN AO MIX 4_ _ _ __ _ _ _ _ _ _  ",K,11,9,1,,,,,,,,,,,,,,,,,,,,,,,,,,,,,,,,,,,,,,,,,,,,,,,,,,,,,,,,,,,,,,,,,,,,,,,,,,,,,,,,,,,,,,,,,,,,,,,,,,,,,,,,,,,,,,,,,,,,,,,,,,,,,,,,,,,,,,,,,,,,,,,,,,,,,,,,,,,,,,,,,,,,,,,,,,,,,,,,,,,,,,,,,,,,,,,,,,,,,,,,,,,,,,,,,,,,,,,,,,,,,,,,,,,,,,,,,,,
6/5/16 10:41,D-060516104115-SAC-WI,D,1,17.05,CAT DANG TRIEU,"8900 PAULHAUS WAY, ELK GROVE, CA 95758-Phone: 916 544 2171",NGUYEN KIM NGOC,"171/22 DUONG TON DAN, F 15, QUAN 4 TP HO CHI MINH-Phone: 083 940 5211"," BOOTER  BE 1, DO CHOI BE 3_ PHAO BOI 2, BALO BE 5, DEP BE 2,_ KINH BOI BE 3, KHAN TAM 1, _ DO CHOI BE 8, AO BE 1__ _ _ _ _ _ _  ",K,,,,,,,,,,,,,,,,,,,,,,,,,,,,,,,,,,,,,,,,,,,,,,,,,,,,,,,,,,,,,,,,,,,,,,,,,,,,,,,,,,,,,,,,,,,,,,,,,,,,,,,,,,,,,,,,,,,,,,,,,,,,,,,,,,,,,,,,,,,,,,,,,,,,,,,,,,,,,,,,,,,,,,,,,,,,,,,,,,,,,,,,,,,,,,,,,,,,,,,,,,,,,,,,,,,,,,,,,,,,,,,,,,,,,,,,,,,,,,
6/5/16 10:28,D-060516102846-SAC-WI,D,1,11.07,DUNG ANH HOANG,"5349 DUSTY ROSE WAY, RANCHO CORDOVA, CA 95742-Phone: 916 385 6727",TRAN THI HONG THAO( NHA HANG FAIFO)," LO 1, QUANG TRUONG 2/9, QUAN HAI CHAU  Da Nang TP-Phone: 093 554 1509"," DO NGHE LAM BANH 6_ SACH LAM BANH 1, NUT 3_ _ __ _ _ _ _ _ _  ",K,,,,,,,,,,,,,,,,,,,,,,,,,,,,,,,,,,,,,,,,,,,,,,,,,,,,,,,,,,,,,,,,,,,,,,,,,,,,,,,,,,,,,,,,,,,,,,,,,,,,,,,,,,,,,,,,,,,,,,,,,,,,,,,,,,,,,,,,,,,,,,,,,,,,,,,,,,,,,,,,,,,,,,,,,,,,,,,,,,,,,,,,,,,,,,,,,,,,,,,,,,,,,,,,,,,,,,,,,,,,,,,,,,,,,,,,,,,,,,
6/6/16 11:57,D-060616115714-SAC-WI,D,1,5.59,LY THI NGUYEN,"8221 BREWSTER MILL CIR, ANTELOPE, CA 95843-Phone: 916 580 9251",DAO QUANG TRI,"26/19 HUYNH DINH HAI, F 24, QUAN BINH THANH TP HO CHI MINH-Phone: 0906 856 076"," THUOC BO 2, BAKING SODA 1_ FISH OIL 1 KEM NONG 1_ VO DA1,THUOC NHO MAT 1_ DEN PIN CU 1__ _ _ _ _ _ _  ",K,,,,,,,,,,,,,,,,,,,,,,,,,,,,,,,,,,,,,,,,,,,,,,,,,,,,,,,,,,,,,,,,,,,,,,,,,,,,,,,,,,,,,,,,,,,,,,,,,,,,,,,,,,,,,,,,,,,,,,,,,,,,,,,,,,,,,,,,,,,,,,,,,,,,,,,,,,,,,,,,,,,,,,,,,,,,,,,,,,,,,,,,,,,,,,,,,,,,,,,,,,,,,,,,,,,,,,,,,,,,,,,,,,,,,,,,,,,,,,
6/5/16 16:09,D-060516160922-SAC-WI,D,1,34.59,THUONG THI NGUYEN,"8330 HAYFIELD CIR, SACRAMENTO, CA95828-Phone: 916 833 6148",NGUYEN THI NGOC NANG,"2/C5 KHU PHO 1, PHUONG LONG BINH TAN, TP BIEN HOA Dong Nai-Phone: 090 774 6060"," BOT NGHE 1, SUA BE 1, ENSURE 2, _ BANH 1, COLLAGEN 2, GUMMIES 6_ NHO KHO 1, CHOCOLATE 1, GUM 2_ B12, ONE A DAY 1, BAO TU 1,__ _ _ _ _ _ _  ",K,,,,,,,,,,,,,,,,,,,,,,,,,,,,,,,,,,,,,,,,,,,,,,,,,,,,,,,,,,,,,,,,,,,,,,,,,,,,,,,,,,,,,,,,,,,,,,,,,,,,,,,,,,,,,,,,,,,,,,,,,,,,,,,,,,,,,,,,,,,,,,,,,,,,,,,,,,,,,,,,,,,,,,,,,,,,,,,,,,,,,,,,,,,,,,,,,,,,,,,,,,,,,,,,,,,,,,,,,,,,,,,,,,,,,,,,,,,,,,
6/6/16 9:10,D-060616091027-SAC-WI,D,1,14.99,NGOAN THI PHAN,"8316 HONEYCOMB WY, SACRAMENTO, CA 95828-Phone: 408-834-6702",PHAN VAN TAI,"AP LAC THANH A, XA THANH HOA SON, HUYEN CAU NGANG Tra Vinh-Phone: 074-382-1027 OR 0162-748-1238"," SPAM 1, BANH 3, DAU XANH 1_ SALONPAS 4, KEO 1, LAP XUONG 2_ _ __ _ _ _ _ _ _  ",K,,,,,,,,,,,,,,,,,,,,,,,,,,,,,,,,,,,,,,,,,,,,,,,,,,,,,,,,,,,,,,,,,,,,,,,,,,,,,,,,,,,,,,,,,,,,,,,,,,,,,,,,,,,,,,,,,,,,,,,,,,,,,,,,,,,,,,,,,,,,,,,,,,,,,,,,,,,,,,,,,,,,,,,,,,,,,,,,,,,,,,,,,,,,,,,,,,,,,,,,,,,,,,,,,,,,,,,,,,,,,,,,,,,,,,,,,,,,,,
6/6/16 10:19,D-060616101951-SAC-WI,D,1,6.17,DO NGUYEN THUY,"9974 SIENNA CT, ELK GROVE, CA 95757 -Phone: 916 230 3278",LE THI HONG LAN,"235 DONG KHOI, QUAN 1,  TP HO CHI MINH-Phone: 090-319-1884"," VI NHO 1, TUI XACH 1_ PHAN 1, SON 1, TUI NHO 1_ GIAY 1_ __ _ _ _ _ _ _  ",K,,,,,,,,,,,,,,,,,,,,,,,,,,,,,,,,,,,,,,,,,,,,,,,,,,,,,,,,,,,,,,,,,,,,,,,,,,,,,,,,,,,,,,,,,,,,,,,,,,,,,,,,,,,,,,,,,,,,,,,,,,,,,,,,,,,,,,,,,,,,,,,,,,,,,,,,,,,,,,,,,,,,,,,,,,,,,,,,,,,,,,,,,,,,,,,,,,,,,,,,,,,,,,,,,,,,,,,,,,,,,,,,,,,,,,,,,,,,,,
6/7/16 13:30,D-060716133005-SAC-WI,D,1,19.60,DIEP PHAN,"8120 POWER INN RD, APT 202, SACRAMENTO, CA 95828-Phone: 916 996 2969",LE THI NGOC TRANG,"76/7 TO 70, KHU PHO 6, TAN THOI NHAT 8, F TAN THOI NHAT, QUAN 12 TP HO CHI MINH-Phone: 092 456 7507"," BANH 2, ENSURE 3, _ QUAN AO MIX 4_ _ __ _ _ _ _ _ _  ",K,,,,,,,,,,,,,,,,,,,,,,,,,,,,,,,,,,,,,,,,,,,,,,,,,,,,,,,,,,,,,,,,,,,,,,,,,,,,,,,,,,,,,,,,,,,,,,,,,,,,,,,,,,,,,,,,,,,,,,,,,,,,,,,,,,,,,,,,,,,,,,,,,,,,,,,,,,,,,,,,,,,,,,,,,,,,,,,,,,,,,,,,,,,,,,,,,,,,,,,,,,,,,,,,,,,,,,,,,,,,,,,,,,,,,,,,,,,,,,
6/7/16 13:53,D-060716135323-SAC-WI,D,1,29.40,ALLINE LAN NGUYEN,"7238 MUNSON WAY, APT F, SACRAMENTO, CA 95823-Phone: 916-233-8246",THAO OR HUNG NGUYEN,"818/27/1 LE LOI, PHUONG 3, QUAN GO VAP TP HO CHI MINH-Phone: 848 895 7430 OR 0909 942 564"," ENFAGROW 4,KEO 6_ QUAN AOIX CU 4_ _ __ _ _ _ _ _ _  ",K,,,,,,,,,,,,,,,,,,,,,,,,,,,,,,,,,,,,,,,,,,,,,,,,,,,,,,,,,,,,,,,,,,,,,,,,,,,,,,,,,,,,,,,,,,,,,,,,,,,,,,,,,,,,,,,,,,,,,,,,,,,,,,,,,,,,,,,,,,,,,,,,,,,,,,,,,,,,,,,,,,,,,,,,,,,,,,,,,,,,,,,,,,,,,,,,,,,,,,,,,,,,,,,,,,,,,,,,,,,,,,,,,,,,,,,,,,,,,,
6/4/16 16:14,D-060416161439-SAC-WI,D,1,18.13,DUNG TRAN,9369 MIKO CIR; ELK GROVE CA 95624-Phone: 916-346-5778,LA THANH QUANG,GOI KHACH TOI VAN PHONG ABC TAI VN DE NHAN HANG TP HO CHI MINH-Phone: 0120 6666 777 OR 0906 921 235," CA HOP 1, CASE 2, XA BONG CUC 1,_ NON 1, DAY CABLE 3, DHO 2, USB3_ KEO 3, WIFI 1, MI GOI THUNG 1,_ MI LE 9, TAI NGHE 2, NON 1, XIT 1__ _ _ _ _ _ _  ",L,12,10,1,,,,,,,,,,,,,,,,,,,,,,,,,,,,,,,,,,,,,,,,,,,,,,,,,,,,,,,,,,,,,,,,,,,,,,,,,,,,,,,,,,,,,,,,,,,,,,,,,,,,,,,,,,,,,,,,,,,,,,,,,,,,,,,,,,,,,,,,,,,,,,,,,,,,,,,,,,,,,,,,,,,,,,,,,,,,,,,,,,,,,,,,,,,,,,,,,,,,,,,,,,,,,,,,,,,,,,,,,,,,,,,,,,,,,,,,,,,
6/6/16 15:16,D-060616151636-SAC-WI,D,1,9.80,DEBBIE DIEP DANG,"9500  GREENBAC LN, 3, FOLSOM, CA 95630-Phone: 916 417 4498",LE CAO PHONG,"155 CAO XANH, TP HA LONG, TINH QUANG NINH Quang Ninh-Phone: 0931 511 155"," ONE A DAY 2, DAU GOI 1, _ BAO TU 2, KRILL OIL 1, DAU CA 2,_ DUOC THAO 3_ __ _ _ _ _ _ _  ",L,,,,,,,,,,,,,,,,,,,,,,,,,,,,,,,,,,,,,,,,,,,,,,,,,,,,,,,,,,,,,,,,,,,,,,,,,,,,,,,,,,,,,,,,,,,,,,,,,,,,,,,,,,,,,,,,,,,,,,,,,,,,,,,,,,,,,,,,,,,,,,,,,,,,,,,,,,,,,,,,,,,,,,,,,,,,,,,,,,,,,,,,,,,,,,,,,,,,,,,,,,,,,,,,,,,,,,,,,,,,,,,,,,,,,,,,,,,,,,
6/7/16 9:47,D-060716094702-SAC-WI,D,1,9.80,CHAU GIA HIEN,"6665J STOCKTON BLVD, #7, SACRAMENTO, CA 95823-Phone: 916 486 9688",KEVIN CHAU,HANG DE TAI VAN PHONG ABC VIETNAM - VUI LONG GOI KHACH DEN NHAN TP HO CHI MINH-Phone: 090 363 3123, XE DO CHOI CU 6_ _ _ __ _ _ _ _ _ _  ,L,,,,,,,,,,,,,,,,,,,,,,,,,,,,,,,,,,,,,,,,,,,,,,,,,,,,,,,,,,,,,,,,,,,,,,,,,,,,,,,,,,,,,,,,,,,,,,,,,,,,,,,,,,,,,,,,,,,,,,,,,,,,,,,,,,,,,,,,,,,,,,,,,,,,,,,,,,,,,,,,,,,,,,,,,,,,,,,,,,,,,,,,,,,,,,,,,,,,,,,,,,,,,,,,,,,,,,,,,,,,,,,,,,,,,,,,,,,,,,
6/5/16 11:12,D-060516111235-SAC-WI,D,1,9.11,THU LAN THI LY,"8612 JANON CT, SACRAMENTO,CA 95828-Phone: 916-841-9776",TRAN THIEU LAM,"60 HOANG DIEU, THI TRAN MY XUYEN,  Soc Trang-Phone: 079-385-5154"," THUOC BO 2, THAO DUOC NHO 2_ CHOCOLATE 1, THUOC BINH 2_ VI NHO CU 1,THUOC NHO MAT 4_ __ _ _ _ _ _ _  ",L,,,,,,,,,,,,,,,,,,,,,,,,,,,,,,,,,,,,,,,,,,,,,,,,,,,,,,,,,,,,,,,,,,,,,,,,,,,,,,,,,,,,,,,,,,,,,,,,,,,,,,,,,,,,,,,,,,,,,,,,,,,,,,,,,,,,,,,,,,,,,,,,,,,,,,,,,,,,,,,,,,,,,,,,,,,,,,,,,,,,,,,,,,,,,,,,,,,,,,,,,,,,,,,,,,,,,,,,,,,,,,,,,,,,,,,,,,,,,,
6/5/16 11:33,D-060516113314-SAC-WI,D,1,26.75,PHAN QUANG MAN,"8844 INSHEER WAY, SACTO, CA 95828-Phone: 916 470 5562",NGUYEN THI BAO VAN,"CHUNG CU AROMA, TP MOI, THU DAU 1 TP HO CHI MINH-Phone: 916 470 5562"," OATMEAL  1, SIRIO 1, CAF 1_ DAU GOI  XA 2, THUOC TRI KIEN 2_ DO NGHE 2, GIAY VAN RUOI 5_ __ _ _ _ _ _ _  ",L,,,,,,,,,,,,,,,,,,,,,,,,,,,,,,,,,,,,,,,,,,,,,,,,,,,,,,,,,,,,,,,,,,,,,,,,,,,,,,,,,,,,,,,,,,,,,,,,,,,,,,,,,,,,,,,,,,,,,,,,,,,,,,,,,,,,,,,,,,,,,,,,,,,,,,,,,,,,,,,,,,,,,,,,,,,,,,,,,,,,,,,,,,,,,,,,,,,,,,,,,,,,,,,,,,,,,,,,,,,,,,,,,,,,,,,,,,,,,,
6/5/16 12:33,D-060516123350-SAC-WI,D,1,12.94,JIMMY TO,"5815 STOCKTON BLV, SACRAMENTO, CA 95824-Phone: 916 834 7599",HUYNH THI HIEN,"063/1 KHOM DAU LO, PHUONG NHA MAT, TP BAC LIEU Bac Lieu-Phone: 0121 203 3364"," AO CU 9, KEM DANH RANG 5_ DH CU HU 2,TUI NHO CU 1_ GUM 3, DAU THOM 1, _ KEM THOA NGUA NHO 4_LAN NACH 2, THOA MOI 2, _ CAO RAU 1, TUI BALO CU 2_ _ _ _ _ _  ",L,,,,,,,,,,,,,,,,,,,,,,,,,,,,,,,,,,,,,,,,,,,,,,,,,,,,,,,,,,,,,,,,,,,,,,,,,,,,,,,,,,,,,,,,,,,,,,,,,,,,,,,,,,,,,,,,,,,,,,,,,,,,,,,,,,,,,,,,,,,,,,,,,,,,,,,,,,,,,,,,,,,,,,,,,,,,,,,,,,,,,,,,,,,,,,,,,,,,,,,,,,,,,,,,,,,,,,,,,,,,,,,,,,,,,,,,,,,,,,
6/5/16 13:02,D-060516130222-SAC-WI,D,1,12.45,NGUYEN N VY,"8066 PRIMOAK WAY, ELK GROVE, CA 95758-Phone: 916 667 1918",LINH NGUYEN,"575/31/42 CACH MANG THANG 8, P15, Q10 TP HO CHI MINH-Phone: 090 293 3389"," THUOC BO 2, QUAN AO MIX 1_ GIAY BE 5, KINH  4, GIAY 3_ DEP 2_ __ _ _ _ _ _ _  ",L,,,,,,,,,,,,,,,,,,,,,,,,,,,,,,,,,,,,,,,,,,,,,,,,,,,,,,,,,,,,,,,,,,,,,,,,,,,,,,,,,,,,,,,,,,,,,,,,,,,,,,,,,,,,,,,,,,,,,,,,,,,,,,,,,,,,,,,,,,,,,,,,,,,,,,,,,,,,,,,,,,,,,,,,,,,,,,,,,,,,,,,,,,,,,,,,,,,,,,,,,,,,,,,,,,,,,,,,,,,,,,,,,,,,,,,,,,,,,,
6/6/16 11:08,D-060616110846-SAC-WI,D,1,21.17,SOPHIA CHEY,"8021 ROCKHUST WAY, SACRAMENTO, CA 95828-Phone: 916 494  8146",MARYAH,"382/3 HUNG PHU, F 9, QUAN 8 TP HO CHI MINH-Phone: 091 867 7493"," ENSURE 18, NHO KHO 1_ _ _ __ _ _ _ _ _ _  ",L,,,,,,,,,,,,,,,,,,,,,,,,,,,,,,,,,,,,,,,,,,,,,,,,,,,,,,,,,,,,,,,,,,,,,,,,,,,,,,,,,,,,,,,,,,,,,,,,,,,,,,,,,,,,,,,,,,,,,,,,,,,,,,,,,,,,,,,,,,,,,,,,,,,,,,,,,,,,,,,,,,,,,,,,,,,,,,,,,,,,,,,,,,,,,,,,,,,,,,,,,,,,,,,,,,,,,,,,,,,,,,,,,,,,,,,,,,,,,,
6/7/16 10:02,D-060716100241-SAC-WI,D,1,15.19,THIEN QUANG NGUYEN,"8331 BRADSHAW RD, SACRAMENTO, CA 95829-Phone: 916 995 4424",TRAN HONG QUANG HUY,"202/10 NGUYEN TIEU LA, PHUONG 8, QUAN 10 TP HO CHI MINH-Phone: 098 352 2794"," QUAN AO 3, AO NGUC 2, GIAY 2_ _ _ __ _ _ _ _ _ _  ",L,,,,,,,,,,,,,,,,,,,,,,,,,,,,,,,,,,,,,,,,,,,,,,,,,,,,,,,,,,,,,,,,,,,,,,,,,,,,,,,,,,,,,,,,,,,,,,,,,,,,,,,,,,,,,,,,,,,,,,,,,,,,,,,,,,,,,,,,,,,,,,,,,,,,,,,,,,,,,,,,,,,,,,,,,,,,,,,,,,,,,,,,,,,,,,,,,,,,,,,,,,,,,,,,,,,,,,,,,,,,,,,,,,,,,,,,,,,,,,
6/7/16 10:22,D-060716102209-SAC-WI,D,1,42.34,SON VA LA,"6640 SUTHRIE ST, NORTH HIGHLANDS, CA 95660-Phone: 916-333-9500",BUI THANH HAI,"44 PHAN VAN TRI, PHUONG 2, QUAN 5 TP HO CHI MINH-Phone: 096 212 173"," DEP 4, QUAN AO MIX 5_ _ _ __ _ _ _ _ _ _  ",L,,,,,,,,,,,,,,,,,,,,,,,,,,,,,,,,,,,,,,,,,,,,,,,,,,,,,,,,,,,,,,,,,,,,,,,,,,,,,,,,,,,,,,,,,,,,,,,,,,,,,,,,,,,,,,,,,,,,,,,,,,,,,,,,,,,,,,,,,,,,,,,,,,,,,,,,,,,,,,,,,,,,,,,,,,,,,,,,,,,,,,,,,,,,,,,,,,,,,,,,,,,,,,,,,,,,,,,,,,,,,,,,,,,,,,,,,,,,,,
6/6/16 10:52,D-060616105225-SAC-WI,D,1,19.60,THI THI HA,"1087 TARK,RD APT 19A, STARKVILLE, MS 39759-Phone: 662-242-8895",HUYNH THI VAN,"XA HAI DUONG, THI XA HUONG TRA Thua Thien Hue-Phone: 054-3-559-583"," SIRIO 2, KEM THOA BE 2_ BINH NUOC BE 6, BOT CAM 2_ ENURE 7, QUAN AO MIX 9_ __ _ _ _ _ _ _  ",M,13,9,1,,,,,,,,,,,,,,,,,,,,,,,,,,,,,,,,,,,,,,,,,,,,,,,,,,,,,,,,,,,,,,,,,,,,,,,,,,,,,,,,,,,,,,,,,,,,,,,,,,,,,,,,,,,,,,,,,,,,,,,,,,,,,,,,,,,,,,,,,,,,,,,,,,,,,,,,,,,,,,,,,,,,,,,,,,,,,,,,,,,,,,,,,,,,,,,,,,,,,,,,,,,,,,,,,,,,,,,,,,,,,,,,,,,,,,,,,,,
6/6/16 10:12,D-060616101235-SAC-WI,D,1,5.98,DO NGUYEN THUY,"9974 SIENNA CT, ELK GROVE, CA 95757 -Phone: 916 230 3278",LE THI THANH HUYEN,"235 DONG KHOI, QUAN 1,  TP HO CHI MINH-Phone: 0909 821 826"," TUI 1, SON 1, VI 1_ TUI NHO 1, AO 1, PHAN 1_ _ __ _ _ _ _ _ _  ",M,,,,,,,,,,,,,,,,,,,,,,,,,,,,,,,,,,,,,,,,,,,,,,,,,,,,,,,,,,,,,,,,,,,,,,,,,,,,,,,,,,,,,,,,,,,,,,,,,,,,,,,,,,,,,,,,,,,,,,,,,,,,,,,,,,,,,,,,,,,,,,,,,,,,,,,,,,,,,,,,,,,,,,,,,,,,,,,,,,,,,,,,,,,,,,,,,,,,,,,,,,,,,,,,,,,,,,,,,,,,,,,,,,,,,,,,,,,,,,
6/7/16 10:32,D-052716095716-SAC-WI,D,1,14.11,KIM OANH THI PHAM,"6312 EMERALD DR, ROCKLIN, CA 95677-Phone: 408 834 2644",KHAU THI KHIEM,"158/14 DUONG DIEN NGHE, KHOM MY THO, F MY PHUOC, TP LONG XUYEN TP HO CHI MINH-Phone: 0944 286 496"," DEP  CU 2, GIAY CU 1_ DAU XANH 1, DO LOT 2_ KEM DANH RANG 1, BAN CHAI 1_ CAO RAU 1, KEO 1, TUI VAI CU 1_QUAN AO MIX 1_ _ _ _ _ _ _  ",M,,,,,,,,,,,,,,,,,,,,,,,,,,,,,,,,,,,,,,,,,,,,,,,,,,,,,,,,,,,,,,,,,,,,,,,,,,,,,,,,,,,,,,,,,,,,,,,,,,,,,,,,,,,,,,,,,,,,,,,,,,,,,,,,,,,,,,,,,,,,,,,,,,,,,,,,,,,,,,,,,,,,,,,,,,,,,,,,,,,,,,,,,,,,,,,,,,,,,,,,,,,,,,,,,,,,,,,,,,,,,,,,,,,,,,,,,,,,,,
6/6/16 12:53,D-060616125334-SAC-WI,D,1,7.74,DOAN THI THAI HA,"8120 POWER INN RD, APT  402, SACRAMENTO, CA 95828-Phone: 916-627-9503",NGUYEN THI YEN PHI,"56/64 THICH QUANG DUC, F 5 QUAN PHU NHUAN TP HO CHI MINH-Phone: 090-821-2131 OR 093-898-3632"," GUM 2, THUOC CAM 6, _ THUOC LONG MAU NHO 4_ _ __ _ _ _ _ _ _  ",M,,,,,,,,,,,,,,,,,,,,,,,,,,,,,,,,,,,,,,,,,,,,,,,,,,,,,,,,,,,,,,,,,,,,,,,,,,,,,,,,,,,,,,,,,,,,,,,,,,,,,,,,,,,,,,,,,,,,,,,,,,,,,,,,,,,,,,,,,,,,,,,,,,,,,,,,,,,,,,,,,,,,,,,,,,,,,,,,,,,,,,,,,,,,,,,,,,,,,,,,,,,,,,,,,,,,,,,,,,,,,,,,,,,,,,,,,,,,,,
6/6/16 13:41,D-060616134103-SAC-WI,D,2,59.19,TOM NGUYEN,"6904 FLEMIG AVE, SACRAMENTO, CA 95823-Phone: 916-588-7416",DOAN QUYEN ANH,"SO 18, NGO 317 TRAN KHAC CHAN, THANH NHAN, Q HAI BA TRUNG Ha Noi TP-Phone: 090 218 2666"," THU DONG NHO 16, KINH 5,_ THU THACH CAO 3, CAM DEN 2_ HOP QUYET CU 7, HUY HIEU 1,_ DO CHOI 1__ _ _ _ _ _ _  ",M,,,,,,,,,,,,,,,,,,,,,,,,,,,,,,,,,,,,,,,,,,,,,,,,,,,,,,,,,,,,,,,,,,,,,,,,,,,,,,,,,,,,,,,,,,,,,,,,,,,,,,,,,,,,,,,,,,,,,,,,,,,,,,,,,,,,,,,,,,,,,,,,,,,,,,,,,,,,,,,,,,,,,,,,,,,,,,,,,,,,,,,,,,,,,,,,,,,,,,,,,,,,,,,,,,,,,,,,,,,,,,,,,,,,,,,,,,,,,,
6/5/16 10:42,D-060516104231-SAC-WI,D,1,19.60,THUY DUNG GIAO,"8900 PAULHAUS WAY, ELK GROVE, CA 95758-Phone: 916 544 2171",DANG THI KIM NGUYEN,"171/22 DUONG TON DAN, F 15, QUAN 4 TP HO CHI MINH-Phone: 083 940 5211"," DO CHOI 6, THU NHOI BONG 5,_  HOP BUT 8, DEP BABY 5, _ BALO 2, TUI XACH 1, _ KINH BOI BE 5__ _ _ _ _ _ _  ",M,,,,,,,,,,,,,,,,,,,,,,,,,,,,,,,,,,,,,,,,,,,,,,,,,,,,,,,,,,,,,,,,,,,,,,,,,,,,,,,,,,,,,,,,,,,,,,,,,,,,,,,,,,,,,,,,,,,,,,,,,,,,,,,,,,,,,,,,,,,,,,,,,,,,,,,,,,,,,,,,,,,,,,,,,,,,,,,,,,,,,,,,,,,,,,,,,,,,,,,,,,,,,,,,,,,,,,,,,,,,,,,,,,,,,,,,,,,,,,
6/7/16 11:20,D-060716112022-SAC-WI,D,1,37.24,SON LA,"6640 SUTHRIE ST, NORTH HIGHLANDS, CA 95660-Phone: 916-333-9500",BUI THANH HAI,"44 PHAN VAN TRI, PHUONG 2, QUAN 5 TP HO CHI MINH-Phone: 096 212 173"," RO 1, BA LO CU 1, DEP CU 2,_ GIAY CU 1, KEM THOA NGUA 1,_ THUOC CAM 2, DO LOT , _ THUOC BO 2, QUAN AO MIX CU 3,_THU NHOI BONG CU 10_ _ _ _ _ _ _  ",M,,,,,,,,,,,,,,,,,,,,,,,,,,,,,,,,,,,,,,,,,,,,,,,,,,,,,,,,,,,,,,,,,,,,,,,,,,,,,,,,,,,,,,,,,,,,,,,,,,,,,,,,,,,,,,,,,,,,,,,,,,,,,,,,,,,,,,,,,,,,,,,,,,,,,,,,,,,,,,,,,,,,,,,,,,,,,,,,,,,,,,,,,,,,,,,,,,,,,,,,,,,,,,,,,,,,,,,,,,,,,,,,,,,,,,,,,,,,,,
6/7/16 13:11,D-060716131114-SAC-WI,D,1,17.25,LOAN KIM PHAN OR TAI NGO,"4416 BLACKJACK WAY, SACRAMENTO, CA 95842-Phone: 916 331 5488",PHAN CHI BACH DUONG,"10 F3 NGUYEN THI MINH KHAI, F DAKAO, QUAN I TP HO CHI MINH-Phone: 090 331 5353 OR 094 641 9539"," ENSURE 10, THUOC CAM 1_ THUOC BO 2, TRAI CAY KHO  11_ NUOC TRAI CAY BE 1_ __ _ _ _ _ _ _  ",M,,,,,,,,,,,,,,,,,,,,,,,,,,,,,,,,,,,,,,,,,,,,,,,,,,,,,,,,,,,,,,,,,,,,,,,,,,,,,,,,,,,,,,,,,,,,,,,,,,,,,,,,,,,,,,,,,,,,,,,,,,,,,,,,,,,,,,,,,,,,,,,,,,,,,,,,,,,,,,,,,,,,,,,,,,,,,,,,,,,,,,,,,,,,,,,,,,,,,,,,,,,,,,,,,,,,,,,,,,,,,,,,,,,,,,,,,,,,,,
6/4/16 15:37,D-060416153748-SAC-WI,D,1,11.17,CHAU DIEU HIEN,"6425 TUPELO DR, APT #79, CITRUS HEIGHT, CA 95621-Phone: 916 880 8158",CHAU HONG MAT,"672/30 HUYNH TAN PHAT, KHU PHO 3, PHUONG TAN PHU , QUAN 7 TP HO CHI MINH-Phone: 0908 413 042"," MASCARA 2, PHAN 4, XIT BODY 2,_ SON 2, KEO 5, KHO BO 5 ,_ DUONG MOI 1, NUOC HOA 3_ __ _ _ _ _ _ _  ",N,14,12,1,,,,,,,,,,,,,,,,,,,,,,,,,,,,,,,,,,,,,,,,,,,,,,,,,,,,,,,,,,,,,,,,,,,,,,,,,,,,,,,,,,,,,,,,,,,,,,,,,,,,,,,,,,,,,,,,,,,,,,,,,,,,,,,,,,,,,,,,,,,,,,,,,,,,,,,,,,,,,,,,,,,,,,,,,,,,,,,,,,,,,,,,,,,,,,,,,,,,,,,,,,,,,,,,,,,,,,,,,,,,,,,,,,,,,,,,,,,
6/7/16 10:00,D-060716100024-SAC-WI,D,1,17.74,LY MY HANH,"8331 BRADSHAW RD, SACRAMENTO, CA 95829-Phone: 916 995 4424",THANH PHAM,"202/10 NGUYEN TIEU LA, PHUONG 8, QUAN 10 TP HO CHI MINH-Phone: 098 352 2794"," QUAN AO 3, AO NGUC 2,_ GIAY 2, DEP 2, DUONG DA 1,_ _ __ _ _ _ _ _ _  ",N,,,,,,,,,,,,,,,,,,,,,,,,,,,,,,,,,,,,,,,,,,,,,,,,,,,,,,,,,,,,,,,,,,,,,,,,,,,,,,,,,,,,,,,,,,,,,,,,,,,,,,,,,,,,,,,,,,,,,,,,,,,,,,,,,,,,,,,,,,,,,,,,,,,,,,,,,,,,,,,,,,,,,,,,,,,,,,,,,,,,,,,,,,,,,,,,,,,,,,,,,,,,,,,,,,,,,,,,,,,,,,,,,,,,,,,,,,,,,,
6/6/16 10:27,D-060616102730-SAC-WI,D,1,22.44,AI BUI,"5399 47 TH AVE, # 183, SACRAMENTO, CA95824-Phone: 530-921-9909",NGUYEN THI THUY LIEN,"75/3 NGUYEN CHI THANH, P THACH THANG, Q HAI CHAU Da Nang TP-Phone: 090 521 6921"," QUAN AO CU MIX, GIAY CU 1, _ BOOT 1, TUI GIFT 2, NUOC HOA 1,_ DO CHOI BE 1, KEO 1_ __ _ _ _ _ _ _  ",N,,,,,,,,,,,,,,,,,,,,,,,,,,,,,,,,,,,,,,,,,,,,,,,,,,,,,,,,,,,,,,,,,,,,,,,,,,,,,,,,,,,,,,,,,,,,,,,,,,,,,,,,,,,,,,,,,,,,,,,,,,,,,,,,,,,,,,,,,,,,,,,,,,,,,,,,,,,,,,,,,,,,,,,,,,,,,,,,,,,,,,,,,,,,,,,,,,,,,,,,,,,,,,,,,,,,,,,,,,,,,,,,,,,,,,,,,,,,,,
6/7/16 10:33,D-060716103333-SAC-WI,D,1,6.66,NHUT NGUYEN,"5806 BOSCO WAY, SACRAMENTO, CA 95824-Phone: 727-686-6483",LY THI ANH NGUYET,"260 QUOC LO 1K, KHU PHO 1, F LINH XUAN, QUAN THU DUC TP HO CHI MINH-Phone: 098 996 6396 or 098 669 7071"," GIAY 2, KINH MAT 1, BOP NHO 1,_ DHO 1, TUI XACH 1_ _ __ _ _ _ _ _ _  ",N,,,,,,,,,,,,,,,,,,,,,,,,,,,,,,,,,,,,,,,,,,,,,,,,,,,,,,,,,,,,,,,,,,,,,,,,,,,,,,,,,,,,,,,,,,,,,,,,,,,,,,,,,,,,,,,,,,,,,,,,,,,,,,,,,,,,,,,,,,,,,,,,,,,,,,,,,,,,,,,,,,,,,,,,,,,,,,,,,,,,,,,,,,,,,,,,,,,,,,,,,,,,,,,,,,,,,,,,,,,,,,,,,,,,,,,,,,,,,,
6/7/16 9:52,D-060716095244-SAC-WI,D,1,7.35,VUONG BA KY,"6665 STOCKTON BLVD #7, SACRAMENTO, CA 95823-Phone: 916 486 9688",NGUYEN THI THANH HANG,"39A/47, KHU PHO 6, PHUONG LINH TRUNG, QUAN THU DUC TP HO CHI MINH-Phone: 090 376 2176"," BOP NAM 1, QUAN AO MIX CU 3,_ KEM DUONG 1, TUI VAI 1, VO 2_ _ __ _ _ _ _ _ _  ",N,,,,,,,,,,,,,,,,,,,,,,,,,,,,,,,,,,,,,,,,,,,,,,,,,,,,,,,,,,,,,,,,,,,,,,,,,,,,,,,,,,,,,,,,,,,,,,,,,,,,,,,,,,,,,,,,,,,,,,,,,,,,,,,,,,,,,,,,,,,,,,,,,,,,,,,,,,,,,,,,,,,,,,,,,,,,,,,,,,,,,,,,,,,,,,,,,,,,,,,,,,,,,,,,,,,,,,,,,,,,,,,,,,,,,,,,,,,,,,
6/7/16 10:22,D-060716102242-SAC-WI,D,1,11.56,KIEN STEVE,"5500 SKY PACK WAY, #28, SACRAMENTO, CA 95823-Phone: 916-620-4059",THACH QUAN,"161D/2/22 DUONG LAC LONG QUAN, PHUONG 3, QUAN 11 TP HO CHI MINH-Phone: 0913 828 734"," ENTRUST 2, BOT AN  1_ QUAN AO MIX 6_ _ __ _ _ _ _ _ _  ",N,,,,,,,,,,,,,,,,,,,,,,,,,,,,,,,,,,,,,,,,,,,,,,,,,,,,,,,,,,,,,,,,,,,,,,,,,,,,,,,,,,,,,,,,,,,,,,,,,,,,,,,,,,,,,,,,,,,,,,,,,,,,,,,,,,,,,,,,,,,,,,,,,,,,,,,,,,,,,,,,,,,,,,,,,,,,,,,,,,,,,,,,,,,,,,,,,,,,,,,,,,,,,,,,,,,,,,,,,,,,,,,,,,,,,,,,,,,,,,
6/6/16 12:46,D-060616124624-SAC-WI,D,1,12.45,DOAN THI THAI HA,"8120 POWER INN RD, APT  402, SACRAMENTO, CA 95828-Phone: 916-627-9503",NGUYEN THI MINH HUONG,"725/58 DUONG TRUONG CHINH, F TAY THANH, QUAN TAN PHU TP HO CHI MINH-Phone: 093 898 3632"," GUM 3, THUOC DAU NHUC NHO 6_ THUOC  BINH NHO  10_ _ __ _ _ _ _ _ _  ",N,,,,,,,,,,,,,,,,,,,,,,,,,,,,,,,,,,,,,,,,,,,,,,,,,,,,,,,,,,,,,,,,,,,,,,,,,,,,,,,,,,,,,,,,,,,,,,,,,,,,,,,,,,,,,,,,,,,,,,,,,,,,,,,,,,,,,,,,,,,,,,,,,,,,,,,,,,,,,,,,,,,,,,,,,,,,,,,,,,,,,,,,,,,,,,,,,,,,,,,,,,,,,,,,,,,,,,,,,,,,,,,,,,,,,,,,,,,,,,
6/6/16 11:13,D-060616111340-SAC-WI,D,1,6.66,FATIMA,"9841 BEXLEY DR, SACRAMETO, CA 95827-Phone: 916 494  8146",MARYAH,"382/3 HUNG PHU, F 9, QUAN 8 TP HO CHI MINH-Phone: 091 867 7493", ENSURE 6_ _ _ __ _ _ _ _ _ _  ,N,,,,,,,,,,,,,,,,,,,,,,,,,,,,,,,,,,,,,,,,,,,,,,,,,,,,,,,,,,,,,,,,,,,,,,,,,,,,,,,,,,,,,,,,,,,,,,,,,,,,,,,,,,,,,,,,,,,,,,,,,,,,,,,,,,,,,,,,,,,,,,,,,,,,,,,,,,,,,,,,,,,,,,,,,,,,,,,,,,,,,,,,,,,,,,,,,,,,,,,,,,,,,,,,,,,,,,,,,,,,,,,,,,,,,,,,,,,,,,
6/7/16 10:56,D-060716105657-SAC-WI,D,1,20.19,HUONG T NGO,"8365 CHEVALIER WAY, SACRAMENTO, CA 95828-Phone: 916-230-5839",NGUYEN QUOC HUNG,"461 ONG ICH KHIEM, F NAM DUONG, Q HAI CHAU Da Nang TP-Phone: 0903 501 143"," THUOC BO 4, THUOC BO 2_ VITAMINE 2, AO NGUC 8_ GIAY BE 6, DEP 3, SON 8_ DUONG MOI 8, TUI XACH 1_KEM DUONG DA 2_ _ _ _ _ _ _  ",N,,,,,,,,,,,,,,,,,,,,,,,,,,,,,,,,,,,,,,,,,,,,,,,,,,,,,,,,,,,,,,,,,,,,,,,,,,,,,,,,,,,,,,,,,,,,,,,,,,,,,,,,,,,,,,,,,,,,,,,,,,,,,,,,,,,,,,,,,,,,,,,,,,,,,,,,,,,,,,,,,,,,,,,,,,,,,,,,,,,,,,,,,,,,,,,,,,,,,,,,,,,,,,,,,,,,,,,,,,,,,,,,,,,,,,,,,,,,,,
6/7/16 11:22,D-060716112234-SAC-WI,D,1,6.27,NGOC LANH THI TRAN,"8133 HAYSTACK DR, SACRAMENTO, CA 95828-Phone: 916 478 1832",TRAN THI NGOC HIEN,"424 TO 20 , AP LONG THANH A, QUAN THOT NOT, TP CAN THO Can Tho-Phone: 0166 644 2411 OR 071 03852577"," DAU XANH 2, AO 3_ _ _ __ _ _ _ _ _ _  ",N,,,,,,,,,,,,,,,,,,,,,,,,,,,,,,,,,,,,,,,,,,,,,,,,,,,,,,,,,,,,,,,,,,,,,,,,,,,,,,,,,,,,,,,,,,,,,,,,,,,,,,,,,,,,,,,,,,,,,,,,,,,,,,,,,,,,,,,,,,,,,,,,,,,,,,,,,,,,,,,,,,,,,,,,,,,,,,,,,,,,,,,,,,,,,,,,,,,,,,,,,,,,,,,,,,,,,,,,,,,,,,,,,,,,,,,,,,,,,,
6/7/16 11:53,D-060716115312-SAC-WI,D,1,10.29,HUY B NGUYEN,"9609 OAKEN BUCKET CT, SACRAMENTO, CA 95827-Phone: 209-938-9152",PHAM HONG THAI,DE HANG TAI VAN PHONG ABC VIETNAM GOI KHACH DEN LAY TP HO CHI MINH-Phone: 090 323 5861 OR 093 398 2455," QUAN AO MIX 1, MUC IN NHO 2_ DAY NICH 1,_ _ __ _ _ _ _ _ _  ",N,,,,,,,,,,,,,,,,,,,,,,,,,,,,,,,,,,,,,,,,,,,,,,,,,,,,,,,,,,,,,,,,,,,,,,,,,,,,,,,,,,,,,,,,,,,,,,,,,,,,,,,,,,,,,,,,,,,,,,,,,,,,,,,,,,,,,,,,,,,,,,,,,,,,,,,,,,,,,,,,,,,,,,,,,,,,,,,,,,,,,,,,,,,,,,,,,,,,,,,,,,,,,,,,,,,,,,,,,,,,,,,,,,,,,,,,,,,,,,
6/7/16 13:25,D-060716132505-SAC-WI,D,1,44.10,HUONG THI XUAN PHAM,"9224 BREVARD DR, SACRAMENTO, CA 95829-Phone: 916-290-3863",BUI TUYET TAM,"890 CACH MANG THANG 8, QUAN TAN BINH TP HO CHI MINH-Phone: 093 859 9177"," ENSURE 18, OATMEAL1, AO 5_ THUOC BO 2, COLLAGEN 3, _ BENGAY 2, DAU NONG 2, GIAY 1,_ DEP 1, THUOC CAM 1__ _ _ _ _ _ _  ",N,,,,,,,,,,,,,,,,,,,,,,,,,,,,,,,,,,,,,,,,,,,,,,,,,,,,,,,,,,,,,,,,,,,,,,,,,,,,,,,,,,,,,,,,,,,,,,,,,,,,,,,,,,,,,,,,,,,,,,,,,,,,,,,,,,,,,,,,,,,,,,,,,,,,,,,,,,,,,,,,,,,,,,,,,,,,,,,,,,,,,,,,,,,,,,,,,,,,,,,,,,,,,,,,,,,,,,,,,,,,,,,,,,,,,,,,,,,,,,
